Barcode,Source,Saved
10002,無效條碼,未儲存
10003,無效條碼,未儲存
4547274043587,已存在,已儲存
4548387462579,已存在,已儲存
4548387462722,已存在,已儲存
4548387467161,已存在,已儲存
4549660262459,已存在,已儲存
4549660963875,已存在,已儲存
4548387467208,已存在,已儲存
4550432130395,已存在,已儲存
4550432140608,已存在,已儲存
1926341012009,未找到,未儲存
4550337961421,未找到,未儲存
4570085458349,未找到,未儲存
4550337961995,未找到,未儲存
4570085454419,未找到,未儲存
4570085458332,未找到,未儲存
4570085458356,未找到,未儲存
4549660878773,未找到,未儲存
4570085454617,未找到,未儲存
4570085461080,未找到,未儲存
4570085454518,未找到,未儲存
4582547933585,已存在,已儲存
4582547933592,已存在,已儲存
4582547933660,已存在,已儲存
4582547933714,已存在,已儲存
4582547933738,已存在,已儲存
4582662969735,已存在,已儲存
4582662970298,已存在,已儲存
4582662977006,已存在,已儲存
4582662978027,已存在,已儲存
4582662985285,已存在,已儲存
4589468443322,已存在,已儲存
4901082059770,已存在,已儲存
4901770719801,已存在,已儲存
4570085468553,未找到,未儲存
4570085465545,未找到,未儲存
4570117911514,未找到,未儲存
4570117974939,未找到,未儲存
4582365237926,未找到,未儲存
4570117910920,未找到,未儲存
4902462007527,未找到,未儲存
4570085458363,未找到,未儲存
4570189184601,未找到,未儲存
4570085468560,未找到,未儲存
4966680248612,已存在,已儲存
4970093800039,已存在,已儲存
4970093800046,已存在,已儲存
4970381478872,已存在,已儲存
4970381485573,已存在,已儲存
4970381488857,已存在,已儲存
4970381497538,已存在,已儲存
4970381497583,已存在,已儲存
4970381497606,已存在,已儲存
4970381498344,已存在,已儲存
4570117911910,未找到,未儲存
4970825141867,已存在,已儲存
4974475914635,已存在,已儲存
4974475918435,已存在,已儲存
4977444265516,已存在,已儲存
4977444265523,已存在,已儲存
4977444265530,已存在,已儲存
4977444265547,已存在,已儲存
4977524129387,已存在,已儲存
4979274631998,已存在,已儲存
4979274923659,已存在,已儲存
4979274923857,已存在,已儲存
4979274954608,已存在,已儲存
4979274954646,已存在,已儲存
4979274954653,已存在,已儲存
4513750085556,已存在,已儲存
4513750096248,已存在,已儲存
4513750119336,已存在,已儲存
4549660894261,已存在,已儲存
4902715758206,未找到,未儲存
4902757130206,未找到,未儲存
4902820125030,未找到,未儲存
4582662984431,已存在,已儲存
4582662984455,已存在,已儲存
4582662984462,已存在,已儲存
4902820129090,未找到,未儲存
4902820129083,未找到,未儲存
4905083110812,未找到,未儲存
4987910002019,未找到,未儲存
4970381657031,未找到,未儲存
4995027122896,未找到,未儲存
4987910002972,未找到,未儲存
4582662908413,已存在,已儲存
4582662982970,已存在,已儲存
4582662983021,已存在,已儲存
4582662984448,已存在,已儲存
4589468439264,已存在,已儲存
4589468439301,已存在,已儲存
4589468439332,已存在,已儲存
4970381498139,已存在,已儲存
4970381499662,已存在,已儲存
4970381627768,已存在,已儲存
4970381627775,已存在,已儲存
4970825141829,已存在,已儲存
4970825141874,已存在,已儲存
4977524163473,已存在,已儲存
10005,無效條碼,未儲存
10006,無效條碼,未儲存
10007,無效條碼,未儲存
10008,無效條碼,未儲存
10009,無效條碼,未儲存
10010,無效條碼,未儲存
10011,無效條碼,未儲存
4550337596111,已存在,已儲存
4513750119725,未找到,未儲存
4570085454426,未找到,未儲存
4902820123142,未找到,未儲存
4580074572925,已存在,已儲存
4580561053487,已存在,已儲存
4582662906532,已存在,已儲存
4582662907966,已存在,已儲存
4582662908192,已存在,已儲存
4582662908208,已存在,已儲存
4582662908253,已存在,已儲存
4582662908284,已存在,已儲存
4582662908741,已存在,已儲存
4582662908765,已存在,已儲存
4582662908796,已存在,已儲存
4570117910166,未找到,未儲存
4582662943896,已存在,已儲存
4582662943902,已存在,已儲存
4582662943940,已存在,已儲存
4582662964587,已存在,已儲存
4582662964594,已存在,已儲存
4582662964600,已存在,已儲存
4582662964617,已存在,已儲存
4582662964648,已存在,已儲存
4582662964655,已存在,已儲存
4582662982987,已存在,已儲存
4582662983236,已存在,已儲存
4570085454624,未找到,未儲存
4513750119640,未找到,未儲存
4582662988484,已存在,已儲存
4582664151039,已存在,已儲存
4582698661146,已存在,已儲存
4589468438533,已存在,已儲存
4570085461523,未找到,未儲存
4570085469413,未找到,未儲存
4582662915039,未找到,未儲存
4979274677262,已存在,已儲存
4984152212374,已存在,已儲存
4994209030011,已存在,已儲存
4994209030165,已存在,已儲存
4582662915091,未找到,未儲存
4580074572918,已存在,已儲存
4582662908215,已存在,已儲存
4582662908246,已存在,已儲存
4582662908680,已存在,已儲存
4582662908697,已存在,已儲存
4582662964624,已存在,已儲存
4582662964631,已存在,已儲存
4582664151688,已存在,已儲存
4582664151695,已存在,已儲存
10012,無效條碼,未儲存
10013,無效條碼,未儲存
10014,無效條碼,未儲存
10015,無效條碼,未儲存
10016,無效條碼,未儲存
10017,無效條碼,未儲存
10018,無效條碼,未儲存
10019,無效條碼,未儲存
10020,無效條碼,未儲存
10021,無效條碼,未儲存
10022,無效條碼,未儲存
10023,無效條碼,未儲存
10024,無效條碼,未儲存
10025,無效條碼,未儲存
10026,無效條碼,未儲存
10027,無效條碼,未儲存
10028,無效條碼,未儲存
10034,無效條碼,未儲存
4589468448914,未找到,未儲存
4589468448907,未找到,未儲存
4589468448921,未找到,未儲存
4589928245916,未找到,未儲存
4513750119602,未找到,未儲存
4582662907027,未找到,未儲存
4589928245909,未找到,未儲存
4974475935630,已存在,已儲存
4974475935739,已存在,已儲存
4582487082626,已存在,已儲存
4582662908444,已存在,已儲存
4582662908611,已存在,已儲存
4589928245893,未找到,未儲存
4545784068922,未找到,未儲存
4545784068915,未找到,未儲存
4570085477036,未找到,未儲存
4545784068908,未找到,未儲存
4582662940093,已存在,已儲存
4582662940109,已存在,已儲存
4582662942813,已存在,已儲存
4582662946774,已存在,已儲存
4582662970120,已存在,已儲存
4582662975200,已存在,已儲存
4582664151671,已存在,已儲存
4582662908130,已存在,已儲存
4582664151794,已存在,已儲存
4994209082119,已存在,已儲存
10073,無效條碼,未儲存
10074,無效條碼,未儲存
10075,無效條碼,未儲存
10076,無效條碼,未儲存
10077,無效條碼,未儲存
10078,無效條碼,未儲存
10079,無效條碼,未儲存
4550213536163,已存在,已儲存
4550213536170,已存在,已儲存
4550213536187,已存在,已儲存
4550213539782,已存在,已儲存
4550213539799,已存在,已儲存
4550213539805,已存在,已儲存
4550213539812,已存在,已儲存
4550213539829,已存在,已儲存
4550213539836,已存在,已儲存
4550213539843,已存在,已儲存
4550213539850,已存在,已儲存
4550213539867,已存在,已儲存
4550213543574,已存在,已儲存
4550213543581,已存在,已儲存
4550213543598,已存在,已儲存
4550213545943,已存在,已儲存
4550213545950,已存在,已儲存
4550213545967,已存在,已儲存
4550213545974,已存在,已儲存
4550213545981,已存在,已儲存
4550213546803,已存在,已儲存
4550213546810,已存在,已儲存
4550213546827,已存在,已儲存
4550213546834,已存在,已儲存
4550213546841,已存在,已儲存
4550213546858,已存在,已儲存
4550213546865,已存在,已儲存
4550213546872,已存在,已儲存
4550213546889,已存在,已儲存
4550213546933,已存在,已儲存
4550213546940,已存在,已儲存
4550213546957,已存在,已儲存
4550213546964,已存在,已儲存
4550213546971,已存在,已儲存
4550213551210,已存在,已儲存
4582662905672,已存在,已儲存
4582662906327,已存在,已儲存
4582662906334,已存在,已儲存
4582662906341,已存在,已儲存
4582662906358,已存在,已儲存
4582662906365,已存在,已儲存
4582662906372,已存在,已儲存
4582662906389,已存在,已儲存
4582662917828,已存在,已儲存
4582662917842,已存在,已儲存
4582662917903,已存在,已儲存
4582662919921,已存在,已儲存
4582662943933,已存在,已儲存
4582662977082,已存在,已儲存
4570085477043,未找到,未儲存
4977629654197,未找到,未儲存
4977629653817,未找到,未儲存
4977629654180,未找到,未儲存
4979607010117,已存在,已儲存
4550337595237,已存在,已儲存
4550337595442,已存在,已儲存
4573256426994,已存在,已儲存
4573256427007,已存在,已儲存
4582662905184,已存在,已儲存
4582662905276,已存在,已儲存
4582662943957,已存在,已儲存
4582662943964,已存在,已儲存
4582662943971,已存在,已儲存
4582662979710,已存在,已儲存
4582662979734,已存在,已儲存
4901771316665,已存在,已儲存
4977629654234,未找到,未儲存
4977524489320,已存在,已儲存
4977524489337,已存在,已儲存
4977524489344,已存在,已儲存
4977524489351,已存在,已儲存
4582662987661,未找到,未儲存
4977629654203,未找到,未儲存
4570085469499,未找到,未儲存
4903443023420,未找到,未儲存
4970381657314,未找到,未儲存
4582662969773,已存在,已儲存
4582662908468,已存在,已儲存
4582662908628,已存在,已儲存
4548387467185,已存在,已儲存
4570085469505,未找到,未儲存
10080,無效條碼,未儲存
10081,無效條碼,未儲存
10082,無效條碼,未儲存
10084,無效條碼,未儲存
4549660981596,未找到,未儲存
4582662943919,已存在,已儲存
4573256429827,已存在,已儲存
4582487082817,已存在,已儲存
4582487082824,已存在,已儲存
4582487082831,已存在,已儲存
4970381499693,已存在,已儲存
4970381669706,未找到,未儲存
4995027138279,未找到,未儲存
4995027088154,未找到,未儲存
4570085469512,未找到,未儲存
4903301357964,未找到,未儲存
4995027138286,未找到,未儲存
4902820120530,未找到,未儲存
4582662949546,已存在,已儲存
4582662949553,已存在,已儲存
4582662975309,已存在,已儲存
4582662975316,已存在,已儲存
4582662975323,已存在,已儲存
4970381478858,已存在,已儲存
4570085466887,未找到,未儲存
4582662905832,未找到,未儲存
4570085466658,未找到,未儲存
4549660959403,未找到,未儲存
4570085473236,未找到,未儲存
10049,無效條碼,未儲存
4547855322957,已存在,已儲存
4570085475490,已存在,已儲存
4570085475506,已存在,已儲存
4570085466672,未找到,未儲存
4573256427021,已存在,已儲存
4570085473250,未找到,未儲存
4573256427038,已存在,已儲存
4573256427045,已存在,已儲存
4582662946828,已存在,已儲存
4582662949461,已存在,已儲存
4582662975330,已存在,已儲存
4582662975347,已存在,已儲存
4582662975354,已存在,已儲存
4901770712260,已存在,已儲存
4994209125403,已存在,已儲存
4994209125427,已存在,已儲存
8809822972203,未找到,未儲存
10097,無效條碼,未儲存
4537988031079,已存在,已儲存
4537988031086,已存在,已儲存
4974475933438,已存在,已儲存
4974475933537,已存在,已儲存
4974475933636,已存在,已儲存
4974475933735,已存在,已儲存
4570085473243,未找到,未儲存
8809822972210,未找到,未儲存
4570117910883,未找到,未儲存
4977629654210,未找到,未儲存
8809940840002,未找到,未儲存
4970381488871,已存在,已儲存
10098,無效條碼,未儲存
10099,無效條碼,未儲存
10100,無效條碼,未儲存
4560103149823,已存在,已儲存
4560103149830,已存在,已儲存
4970381488864,已存在,已儲存
4973307655371,已存在,已儲存
10101,無效條碼,未儲存
10102,無效條碼,未儲存
10103,無效條碼,未儲存
10104,無效條碼,未儲存
10105,無效條碼,未儲存
10106,無效條碼,未儲存
10112,無效條碼,未儲存
10113,無效條碼,未儲存
4560103149847,已存在,已儲存
4580074579757,已存在,已儲存
4580074579764,已存在,已儲存
4580074579818,已存在,已儲存
4580074579849,已存在,已儲存
4580074579856,已存在,已儲存
4580074579894,已存在,已儲存
4580784952840,已存在,已儲存
4580784952857,已存在,已儲存
4580784952864,已存在,已儲存
4580784952871,已存在,已儲存
4580784954165,已存在,已儲存
4582526800600,已存在,已儲存
4582526800723,已存在,已儲存
4582662908352,已存在,已儲存
4582662913387,已存在,已儲存
4582662913394,已存在,已儲存
4582662913400,已存在,已儲存
4582662913417,已存在,已儲存
4582662913424,已存在,已儲存
4582662913431,已存在,已儲存
4582662913448,已存在,已儲存
4582662913455,已存在,已儲存
4582662913462,已存在,已儲存
4582662913479,已存在,已儲存
4582662920323,已存在,已儲存
4582662920354,已存在,已儲存
4582662920385,已存在,已儲存
4582662920392,已存在,已儲存
4582662920408,已存在,已儲存
4582662920415,已存在,已儲存
4582662920422,已存在,已儲存
4582662920439,已存在,已儲存
4582662920446,已存在,已儲存
4582662921849,已存在,已儲存
4582664144451,已存在,已儲存
4582664144468,已存在,已儲存
4582664144482,已存在,已儲存
4582664144499,已存在,已儲存
4589468458845,已存在,已儲存
4589468458852,已存在,已儲存
4589468458869,已存在,已儲存
4589468458876,已存在,已儲存
4589468458883,已存在,已儲存
4589468458890,已存在,已儲存
4589468458906,已存在,已儲存
4589468458913,已存在,已儲存
4589468458920,已存在,已儲存
4589468458937,已存在,已儲存
4589468458944,已存在,已儲存
4589468458951,已存在,已儲存
4589468458968,已存在,已儲存
4589468458975,已存在,已儲存
4589468458982,已存在,已儲存
4589468458999,已存在,已儲存
4589468459002,已存在,已儲存
4589468459019,已存在,已儲存
4589468459026,已存在,已儲存
4589468459033,已存在,已儲存
4589468459040,已存在,已儲存
4589468459057,已存在,已儲存
4589468459101,已存在,已儲存
4589468459118,已存在,已儲存
4589468459125,已存在,已儲存
4589468459132,已存在,已儲存
4589468459149,已存在,已儲存
4589468459187,已存在,已儲存
4589468459194,已存在,已儲存
4589468459200,已存在,已儲存
4589468459217,已存在,已儲存
4589468459224,已存在,已儲存
4589468459231,已存在,已儲存
4589468459330,已存在,已儲存
4589468459347,已存在,已儲存
124,無效條碼,未儲存
445,無效條碼,未儲存
475,無效條碼,未儲存
812,無效條碼,未儲存
10114,無效條碼,未儲存
444,無效條碼,未儲存
10115,無效條碼,未儲存
10116,無效條碼,未儲存
10117,無效條碼,未儲存
10118,無效條碼,未儲存
10119,無效條碼,未儲存
10120,無效條碼,未儲存
10121,無效條碼,未儲存
10122,無效條碼,未儲存
10123,無效條碼,未儲存
10124,無效條碼,未儲存
10125,無效條碼,未儲存
10126,無效條碼,未儲存
10127,無效條碼,未儲存
4902923155163,已存在,已儲存
4952794816427,已存在,已儲存
4977444265127,已存在,已儲存
10128,無效條碼,未儲存
10129,無效條碼,未儲存
10130,無效條碼,未儲存
4582662908154,已存在,已儲存
4582662908512,已存在,已儲存
4582662908574,已存在,已儲存
4582662908581,已存在,已儲存
4582662908802,已存在,已儲存
4570189186049,已存在,已儲存
4570189186100,已存在,已儲存
4550311006223,已存在,已儲存
4550311006230,已存在,已儲存
4550432146624,已存在,已儲存
4550433015561,已存在,已儲存
4550433015578,已存在,已儲存
4550433015585,已存在,已儲存
4582662984844,未找到,未儲存
4582662927933,未找到,未儲存
4582662917231,已存在,已儲存
4582662917248,已存在,已儲存
4582662917255,已存在,已儲存
4582662917866,已存在,已儲存
4582662917880,已存在,已儲存
4582662917910,已存在,已儲存
4582662919471,已存在,已儲存
4582662919488,已存在,已儲存
4582662919495,已存在,已儲存
4582662944312,已存在,已儲存
4582662955677,已存在,已儲存
4582662955684,已存在,已儲存
4582662955691,已存在,已儲存
4582662955707,已存在,已儲存
4582662955714,已存在,已儲存
4582662955721,已存在,已儲存
4582662955745,已存在,已儲存
4582662955752,已存在,已儲存
4582662955769,已存在,已儲存
4582662955776,已存在,已儲存
4582662955783,已存在,已儲存
4582662971127,已存在,已儲存
4582662971134,已存在,已儲存
4582662982437,已存在,已儲存
4582698661184,已存在,已儲存
4970381499686,已存在,已儲存
4970381649302,已存在,已儲存
4984152209190,未找到,未儲存
4979274923567,已存在,已儲存
4979274923864,已存在,已儲存
4977629653312,未找到,未儲存
9784065325513,未找到,未儲存
9784048976688,未找到,未儲存
4570118001948,未找到,未儲存
8809822972227,未找到,未儲存
10154,無效條碼,未儲存
10155,無效條碼,未儲存
10156,無效條碼,未儲存
10159,無效條碼,未儲存
10160,無效條碼,未儲存
10161,無效條碼,未儲存
10162,無效條碼,未儲存
10163,無效條碼,未儲存
10164,無效條碼,未儲存
10165,無效條碼,未儲存
10166,無效條碼,未儲存
10167,無效條碼,未儲存
10168,無效條碼,未儲存
10169,無效條碼,未儲存
10170,無效條碼,未儲存
4974475865432,未找到,未儲存
4582662955301,已存在,已儲存
10177,無效條碼,未儲存
10178,無效條碼,未儲存
8809828178838,未找到,未儲存
4548387464191,已存在,已儲存
4548387464207,已存在,已儲存
4548387464214,已存在,已儲存
4550213546896,已存在,已儲存
4550213546902,已存在,已儲存
4550213546919,已存在,已儲存
4550213546926,已存在,已儲存
8809828178906,未找到,未儲存
8809845610410,未找到,未儲存
8809845610427,未找到,未儲存
4570085469079,未找到,未儲存
8809845610519,未找到,未儲存
4550213558226,已存在,已儲存
4550213558233,已存在,已儲存
4550213558240,已存在,已儲存
4550213558257,已存在,已儲存
4970381497545,已存在,已儲存
4549660263678,已存在,已儲存
4905040323415,已存在,已儲存
10180,無效條碼,未儲存
10181,無效條碼,未儲存
10182,無效條碼,未儲存
10183,無效條碼,未儲存
10184,無效條碼,未儲存
10185,無效條碼,未儲存
10186,無效條碼,未儲存
10187,無效條碼,未儲存
10188,無效條碼,未儲存
4582662906310,已存在,已儲存
4570085460397,未找到,未儲存
4977629312196,未找到,未儲存
4974475865333,未找到,未儲存
4550213551296,未找到,未儲存
4582662942820,已存在,已儲存
4582662942905,已存在,已儲存
4582662942912,已存在,已儲存
4582662942929,已存在,已儲存
4570117913822,未找到,未儲存
4550213551302,未找到,未儲存
4974475918633,已存在,已儲存
10189,無效條碼,未儲存
10190,無效條碼,未儲存
4582662959309,已存在,已儲存
4582662959316,已存在,已儲存
4582662959323,已存在,已儲存
10199,無效條碼,未儲存
10200,無效條碼,未儲存
4550337596050,已存在,已儲存
4550337596500,已存在,已儲存
4550337601549,已存在,已儲存
4550337604991,已存在,已儲存
4550433011853,已存在,已儲存
4570118083517,已存在,已儲存
4571609330059,已存在,已儲存
4571609330202,已存在,已儲存
4571609330264,已存在,已儲存
4571609330271,已存在,已儲存
4571609330349,已存在,已儲存
4571609330356,已存在,已儲存
4571609330363,已存在,已儲存
4571609330370,已存在,已儲存
4571609330387,已存在,已儲存
4571609330394,已存在,已儲存
4571609330400,已存在,已儲存
4571609330417,已存在,已儲存
4571609330424,已存在,已儲存
4571609330448,已存在,已儲存
4573256428639,已存在,已儲存
4582662952331,已存在,已儲存
4582662952348,已存在,已儲存
4582662952355,已存在,已儲存
4582662952362,已存在,已儲存
4582662952379,已存在,已儲存
4582662952386,已存在,已儲存
4582662952409,已存在,已儲存
4582662952416,已存在,已儲存
4582662952522,已存在,已儲存
4582662952577,已存在,已儲存
4582662952676,已存在,已儲存
4582662952683,已存在,已儲存
4582662956919,已存在,已儲存
4582662956926,已存在,已儲存
4582662956933,已存在,已儲存
4582662960572,已存在,已儲存
4582662962606,已存在,已儲存
4582662962613,已存在,已儲存
4582662962620,已存在,已儲存
4582662962637,已存在,已儲存
4582662970090,已存在,已儲存
4582662970106,已存在,已儲存
4582662970113,已存在,已儲存
4582662974807,已存在,已儲存
4589581114963,已存在,已儲存
4589581114970,已存在,已儲存
4905114919490,已存在,已儲存
4905114919513,已存在,已儲存
4970825141898,已存在,已儲存
4973307655388,已存在,已儲存
4974475911436,已存在,已儲存
4974475922036,已存在,已儲存
4977524158981,已存在,已儲存
4979274905471,已存在,已儲存
4979274905792,已存在,已儲存
4994209082140,已存在,已儲存
10294,無效條碼,未儲存
4550213551319,未找到,未儲存
4570118119414,未找到,未儲存
4582662927940,未找到,未儲存
4550213551326,未找到,未儲存
4580045307327,未找到,未儲存
4974475865531,未找到,未儲存
4582662910843,已存在,已儲存
4582662944329,已存在,已儲存
4582662949836,已存在,已儲存
4582662949843,已存在,已儲存
4582662949850,已存在,已儲存
4582662949867,已存在,已儲存
4582662949874,已存在,已儲存
4582662954519,已存在,已儲存
4582662954526,已存在,已儲存
4582662954533,已存在,已儲存
4582662954540,已存在,已儲存
4582662954694,已存在,已儲存
4582662954700,已存在,已儲存
4582662954717,已存在,已儲存
4582662954724,已存在,已儲存
4582662954731,已存在,已儲存
4582662954748,已存在,已儲存
4582662954755,已存在,已儲存
4582662954762,已存在,已儲存
4582662956230,已存在,已儲存
4582662956247,已存在,已儲存
4582662956254,已存在,已儲存
4582662956261,已存在,已儲存
4582662956278,已存在,已儲存
4582662956285,已存在,已儲存
4582662956292,已存在,已儲存
4582662956308,已存在,已儲存
4582662956315,已存在,已儲存
4582662956322,已存在,已儲存
4582662956339,已存在,已儲存
4582662956346,已存在,已儲存
4582662956353,已存在,已儲存
4582662956360,已存在,已儲存
4582662956377,已存在,已儲存
4582662956384,已存在,已儲存
4582662956414,已存在,已儲存
4582662956421,已存在,已儲存
4582662956438,已存在,已儲存
4582662956445,已存在,已儲存
4582662956452,已存在,已儲存
4582662956469,已存在,已儲存
4582662956476,已存在,已儲存
4582662956483,已存在,已儲存
4582662956490,已存在,已儲存
4582662956506,已存在,已儲存
4582662956513,已存在,已儲存
4582662956520,已存在,已儲存
4582662956537,已存在,已儲存
4582662956544,已存在,已儲存
4582662956551,已存在,已儲存
4582662956568,已存在,已儲存
4582662956575,已存在,已儲存
4582662956582,已存在,已儲存
4582662956599,已存在,已儲存
4582662956605,已存在,已儲存
4582662956612,已存在,已儲存
4582662956643,已存在,已儲存
4582662956650,已存在,已儲存
4582662956698,已存在,已儲存
4582662956803,已存在,已儲存
4582662956810,已存在,已儲存
4582662956865,已存在,已儲存
4582662956872,已存在,已儲存
4582662956889,已存在,已儲存
4582662956896,已存在,已儲存
4582662957169,已存在,已儲存
4582662957176,已存在,已儲存
4582662957183,已存在,已儲存
4582662957190,已存在,已儲存
4582662957206,已存在,已儲存
4582662957213,已存在,已儲存
4582662957220,已存在,已儲存
4582662957237,已存在,已儲存
4582662957244,已存在,已儲存
4582662957251,已存在,已儲存
4582662957268,已存在,已儲存
4582662957275,已存在,已儲存
4582662957282,已存在,已儲存
4582662957404,已存在,已儲存
4582662957411,已存在,已儲存
4582662957428,已存在,已儲存
4582662969834,已存在,已儲存
4582662969841,已存在,已儲存
4582662969858,已存在,已儲存
4582662969865,已存在,已儲存
4582662969872,已存在,已儲存
4582662969889,已存在,已儲存
4589468442967,已存在,已儲存
4573256427595,未找到,未儲存
4573256427625,未找到,未儲存
4549660986065,未找到,未儲存
4580045308768,未找到,未儲存
4573256427618,未找到,未儲存
4582662911017,已存在,已儲存
10295,無效條碼,未儲存
10296,無效條碼,未儲存
10297,無效條碼,未儲存
10298,無效條碼,未儲存
10299,無效條碼,未儲存
10300,無效條碼,未儲存
4582662908383,已存在,已儲存
4582662908390,已存在,已儲存
4589468450658,已存在,已儲存
4589468450665,已存在,已儲存
4589468450672,已存在,已儲存
4589468450689,已存在,已儲存
4589468450788,已存在,已儲存
4589468450887,已存在,已儲存
4589468446842,已存在,已儲存
4573256427632,未找到,未儲存
4970381801281,已存在,已儲存
274,無效條碼,未儲存
4571609333593,已存在,已儲存
4571609333609,已存在,已儲存
4571609333616,已存在,已儲存
4571609333623,已存在,已儲存
4571609333630,已存在,已儲存
4571609333647,已存在,已儲存
4571609333654,已存在,已儲存
4571609333661,已存在,已儲存
4571609333715,已存在,已儲存
4571609333722,已存在,已儲存
4571609333739,已存在,已儲存
4582662947153,已存在,已儲存
4582662947160,已存在,已儲存
4582662947177,已存在,已儲存
4582662947184,已存在,已儲存
4582662947191,已存在,已儲存
4582662951563,已存在,已儲存
4582662951570,已存在,已儲存
4582662951587,已存在,已儲存
4582662951594,已存在,已儲存
4582662952713,已存在,已儲存
4582662952720,已存在,已儲存
4582662952737,已存在,已儲存
4582662952744,已存在,已儲存
4582662952751,已存在,已儲存
4582662956391,已存在,已儲存
4582662956629,已存在,已儲存
4582662956636,已存在,已儲存
4582662956667,已存在,已儲存
4582662956674,已存在,已儲存
4582662956681,已存在,已儲存
4582662956704,已存在,已儲存
4582662956711,已存在,已儲存
4582662956728,已存在,已儲存
4582662956735,已存在,已儲存
4582662956742,已存在,已儲存
4582662956759,已存在,已儲存
4582662956766,已存在,已儲存
4582662956773,已存在,已儲存
4582662956780,已存在,已儲存
4582662956797,已存在,已儲存
4582662956841,已存在,已儲存
4582662956858,已存在,已儲存
10345,無效條碼,未儲存
10348,無效條碼,未儲存
10349,無效條碼,未儲存
10350,無效條碼,未儲存
10351,無效條碼,未儲存
10352,無效條碼,未儲存
10353,無效條碼,未儲存
10355,無效條碼,未儲存
10356,無效條碼,未儲存
10357,無效條碼,未儲存
10358,無效條碼,未儲存
10501,無效條碼,未儲存
10502,無效條碼,未儲存
10503,無效條碼,未儲存
10504,無效條碼,未儲存
10505,無效條碼,未儲存
10506,無效條碼,未儲存
10507,無效條碼,未儲存
10508,無效條碼,未儲存
10509,無效條碼,未儲存
10510,無效條碼,未儲存
10511,無效條碼,未儲存
10512,無效條碼,未儲存
4549660261629,已存在,已儲存
4549660263265,已存在,已儲存
4550311002188,已存在,已儲存
4550311006377,已存在,已儲存
4582662959330,已存在,已儲存
4582662959620,已存在,已儲存
4589468442912,已存在,已儲存
4589684437075,已存在,已儲存
4901770719856,已存在,已儲存
4991863509983,已存在,已儲存
4991863509990,已存在,已儲存
4571609333784,已存在,已儲存
4571609333982,已存在,已儲存
4571609333999,已存在,已儲存
4571609334125,已存在,已儲存
4571609334132,已存在,已儲存
4571609334163,已存在,已儲存
4571609334194,已存在,已儲存
4550432199606,已存在,已儲存
4550432199613,已存在,已儲存
10530,無效條碼,未儲存
10531,無效條碼,未儲存
10532,無效條碼,未儲存
4571609333838,已存在,已儲存
4571609333845,已存在,已儲存
4571609333852,已存在,已儲存
4571609333869,已存在,已儲存
4571609333937,已存在,已儲存
4571609334064,已存在,已儲存
4573256429810,已存在,已儲存
4582339279273,已存在,已儲存
4582339279280,已存在,已儲存
4582339279297,已存在,已儲存
4582339279303,已存在,已儲存
4589468442882,已存在,已儲存
4589468450757,已存在,已儲存
10533,無效條碼,未儲存
10534,無效條碼,未儲存
10535,無效條碼,未儲存
10536,無效條碼,未儲存
10537,無效條碼,未儲存
10538,無效條碼,未儲存
10539,無效條碼,未儲存
10540,無效條碼,未儲存
10541,無效條碼,未儲存
10542,無效條碼,未儲存
10543,無效條碼,未儲存
10544,無效條碼,未儲存
10545,無效條碼,未儲存
10546,無效條碼,未儲存
10547,無效條碼,未儲存
10548,無效條碼,未儲存
10549,無效條碼,未儲存
10550,無效條碼,未儲存
10551,無效條碼,未儲存
10552,無效條碼,未儲存
10553,無效條碼,未儲存
10554,無效條碼,未儲存
10555,無效條碼,未儲存
10556,無效條碼,未儲存
10557,無效條碼,未儲存
10558,無效條碼,未儲存
10559,無效條碼,未儲存
10560,無效條碼,未儲存
10561,無效條碼,未儲存
10564,無效條碼,未儲存
10565,無效條碼,未儲存
10566,無效條碼,未儲存
10567,無效條碼,未儲存
10568,無效條碼,未儲存
10569,無效條碼,未儲存
4582662929173,已存在,已儲存
4582662929180,已存在,已儲存
4974475938235,已存在,已儲存
4974475938334,已存在,已儲存
4550213551463,已存在,已儲存
4977444263383,已存在,已儲存
10570,無效條碼,未儲存
10571,無效條碼,未儲存
10572,無效條碼,未儲存
10573,無效條碼,未儲存
10574,無效條碼,未儲存
10575,無效條碼,未儲存
10576,無效條碼,未儲存
10577,無效條碼,未儲存
10578,無效條碼,未儲存
10579,無效條碼,未儲存
10580,無效條碼,未儲存
10581,無效條碼,未儲存
10582,無效條碼,未儲存
10583,無效條碼,未儲存
10584,無效條碼,未儲存
4970381669720,未找到,未儲存
4573256427649,未找到,未儲存
4582662940345,已存在,已儲存
4902775073134,未找到,未儲存
4582702268873,未找到,未儲存
4974475914734,已存在,已儲存
10587,無效條碼,未儲存
10588,無效條碼,未儲存
10589,無效條碼,未儲存
10590,無效條碼,未儲存
10591,無效條碼,未儲存
10592,無效條碼,未儲存
10593,無效條碼,未儲存
10594,無效條碼,未儲存
10595,無效條碼,未儲存
10596,無效條碼,未儲存
10597,無效條碼,未儲存
10598,無效條碼,未儲存
10599,無效條碼,未儲存
10600,無效條碼,未儲存
10601,無效條碼,未儲存
10602,無效條碼,未儲存
10603,無效條碼,未儲存
10604,無效條碼,未儲存
10605,無效條碼,未儲存
10606,無效條碼,未儲存
10609,無效條碼,未儲存
10610,無效條碼,未儲存
10611,無效條碼,未儲存
10612,無效條碼,未儲存
10613,無效條碼,未儲存
10614,無效條碼,未儲存
10615,無效條碼,未儲存
10616,無效條碼,未儲存
10617,無效條碼,未儲存
10618,無效條碼,未儲存
10619,無效條碼,未儲存
10620,無效條碼,未儲存
10621,無效條碼,未儲存
10622,無效條碼,未儲存
10629,無效條碼,未儲存
10630,無效條碼,未儲存
10631,無效條碼,未儲存
10632,無效條碼,未儲存
10633,無效條碼,未儲存
10634,無效條碼,未儲存
4547855367798,已存在,已儲存
4979274863665,已存在,已儲存
10635,無效條碼,未儲存
10636,無效條碼,未儲存
4549660929567,已存在,已儲存
4582664151701,已存在,已儲存
10623,無效條碼,未儲存
10624,無效條碼,未儲存
10625,無效條碼,未儲存
4582662952201,已存在,已儲存
4582662952218,已存在,已儲存
4582662952225,已存在,已儲存
4582662952232,已存在,已儲存
4582662952249,已存在,已儲存
4582662952256,已存在,已儲存
4582662953642,已存在,已儲存
4582662953659,已存在,已儲存
4582662953666,已存在,已儲存
4571609333692,已存在,已儲存
4571609333708,已存在,已儲存
4571609333678,已存在,已儲存
4571609333685,已存在,已儲存
4582662955837,已存在,已儲存
4582662955844,已存在,已儲存
4582662955851,已存在,已儲存
4582662955868,已存在,已儲存
4582662955875,已存在,已儲存
4582662955882,已存在,已儲存
4582662955899,已存在,已儲存
4582662955905,已存在,已儲存
10721,無效條碼,未儲存
10722,無效條碼,未儲存
10723,無效條碼,未儲存
10724,無效條碼,未儲存
10725,無效條碼,未儲存
10726,無效條碼,未儲存
4550311006445,已存在,已儲存
4550311006438,已存在,已儲存
4901770749617,已存在,已儲存
4901770749624,已存在,已儲存
4901770749655,已存在,已儲存
4901770749662,已存在,已儲存
4970381497552,已存在,已儲存
4582662984417,已存在,已儲存
4994209098790,已存在,已儲存
4994209098776,已存在,已儲存
4582662906365A,無效條碼,未儲存
4582662981652,已存在,已儲存
4901770736235,已存在,已儲存
4589468450870,已存在,已儲存
4973307655265,已存在,已儲存
4550432173644,已存在,已儲存
4582662982864,已存在,已儲存
4582662982734,已存在,已儲存
4992272883374,已存在,已儲存
10727,無效條碼,未儲存
10728,無效條碼,未儲存
4974475922234,已存在,已儲存
4974475918138,已存在,已儲存
10729,無效條碼,未儲存
4582702268880,未找到,未儲存
4582662944305,已存在,已儲存
4582662946347,已存在,已儲存
4582662953598,已存在,已儲存
4582662953581,已存在,已儲存
4582662953574,已存在,已儲存
4582662950511,已存在,已儲存
4582662950535,已存在,已儲存
4582662950528,已存在,已儲存
4571609331353,已存在,已儲存
4571609331346,已存在,已儲存
4571609331339,已存在,已儲存
4571609331360,已存在,已儲存
4571609331384,已存在,已儲存
4571609331377,已存在,已儲存
4571609331391,已存在,已儲存
4571609331407,已存在,已儲存
4571609334705,已存在,已儲存
4571609334699,已存在,已儲存
4571609334286,已存在,已儲存
4571609334293,已存在,已儲存
10750,無效條碼,未儲存
4970381672744,已存在,已儲存
4970381672737,已存在,已儲存
4970381682187,已存在,已儲存
4970381682170,已存在,已儲存
4970381524722,已存在,已儲存
4582662955936,已存在,已儲存
4582662955943,已存在,已儲存
4571609336815,已存在,已儲存
4571609336822,已存在,已儲存
4571609336839,已存在,已儲存
4571609336846,已存在,已儲存
4571609336853,已存在,已儲存
4571609336860,已存在,已儲存
4571609336877,已存在,已儲存
4571609336884,已存在,已儲存
4571609338611,已存在,已儲存
4571609338628,已存在,已儲存
4571609338635,已存在,已儲存
4571609338642,已存在,已儲存
4571609338659,已存在,已儲存
4571609338666,已存在,已儲存
4571609338673,已存在,已儲存
4571609338680,已存在,已儲存
4571609338697,已存在,已儲存
4571609338703,已存在,已儲存
4571609338710,已存在,已儲存
4571609338727,已存在,已儲存
4571609338734,已存在,已儲存
4571609338741,已存在,已儲存
4571609338758,已存在,已儲存
4571609338765,已存在,已儲存
4571609338772,已存在,已儲存
4571609338789,已存在,已儲存
4571609338796,已存在,已儲存
4571609338802,已存在,已儲存
4571609338819,已存在,已儲存
4571609338826,已存在,已儲存
4571609338833,已存在,已儲存
4571609338840,已存在,已儲存
4571609338857,已存在,已儲存
4571609338864,已存在,已儲存
4571609338871,已存在,已儲存
4571609338888,已存在,已儲存
4571609338895,已存在,已儲存
4571609338901,已存在,已儲存
4571609338918,已存在,已儲存
4571609338925,已存在,已儲存
4571609338932,已存在,已儲存
4571609338949,已存在,已儲存
4571609338956,已存在,已儲存
4571609338963,已存在,已儲存
4571609338970,已存在,已儲存
4571609338987,已存在,已儲存
4571609338994,已存在,已儲存
4571609339007,已存在,已儲存
4571609339014,已存在,已儲存
4571609339021,已存在,已儲存
4571609339045,已存在,已儲存
4571609339069,已存在,已儲存
4571609339083,已存在,已儲存
10758,無效條碼,未儲存
4902775073141,未找到,未儲存
4570117914560,未找到,未儲存
4902881435093,未找到,未儲存
9784065325322,未找到,未儲存
4974475889438,未找到,未儲存
4974475889339,未找到,未儲存
4582662982642,已存在,已儲存
4974475922630,已存在,已儲存
4582662946682,已存在,已儲存
4513750146356,已存在,已儲存
4513750146363,已存在,已儲存
4513750146349,已存在,已儲存
4974475889230,未找到,未儲存
4582662917873,已存在,已儲存
4582662917897,已存在,已儲存
4582662917835,已存在,已儲存
4571609334002,已存在,已儲存
4513750146370,已存在,已儲存
4513750146394,已存在,已儲存
4905959524989,已存在,已儲存
4571609333791,已存在,已儲存
4582662943742,已存在,已儲存
4582662943735,已存在,已儲存
4571609330806,已存在,已儲存
4571609330837,已存在,已儲存
4571609330769,已存在,已儲存
4582662943766,已存在,已儲存
4582662916043,未找到,未儲存
4582662947672,未找到,未儲存
4582662916036,未找到,未儲存
4582662916050,未找到,未儲存
4582662927896,未找到,未儲存
4582662916074,未找到,未儲存
4582662987685,未找到,未儲存
4582662906303,已存在,已儲存
10759,無效條碼,未儲存
10760,無效條碼,未儲存
4974475918534,已存在,已儲存
4582662917859,已存在,已儲存
10761,無效條碼,未儲存
10762,無效條碼,未儲存
10763,無效條碼,未儲存
10764,無效條碼,未儲存
10765,無效條碼,未儲存
4582662987722,未找到,未儲存
4582662957602,未找到,未儲存
4550337102091,未找到,未儲存
4582662957619,未找到,未儲存
10766,無效條碼,未儲存
4979274948041,已存在,已儲存
2724270881340,未找到,未儲存
4582662957572,未找到,未儲存
4570118124401,未找到,未儲存
10767,無效條碼,未儲存
10768,無效條碼,未儲存
10769,無效條碼,未儲存
10770,無效條碼,未儲存
4582662942950,已存在,已儲存
4582662942967,已存在,已儲存
4582662953628,已存在,已儲存
4582662958531,已存在,已儲存
4582664154252,已存在,已儲存
4571609340072,已存在,已儲存
10778,無效條碼,未儲存
4582664154269,已存在,已儲存
4582664154276,已存在,已儲存
4570189189040,已存在,已儲存
4570189189057,已存在,已儲存
4570189189064,已存在,已儲存
4571609340188,已存在,已儲存
4571609340195,已存在,已儲存
4570189188951,已存在,已儲存
4570189188982,已存在,已儲存
4570189189019,已存在,已儲存
4571609340201,已存在,已儲存
4571609340218,已存在,已儲存
4571609340225,已存在,已儲存
4571609340232,已存在,已儲存
4571609340164,已存在,已儲存
4571609340171,已存在,已儲存
4571609340270,已存在,已儲存
4571609340263,已存在,已儲存
4571609340249,已存在,已儲存
4571609340256,已存在,已儲存
4571609340133,已存在,已儲存
4571609340140,已存在,已儲存
4571609340102,已存在,已儲存
4571609340119,已存在,已儲存
4571609340126,已存在,已儲存
4582662950559,已存在,已儲存
4582662950566,已存在,已儲存
4582662950856,已存在,已儲存
10807,無效條碼,未儲存
4582662942837,已存在,已儲存
4582662916142,未找到,未儲存
4570189187541,未找到,未儲存
4571609333951,已存在,已儲存
10808,無效條碼,未儲存
4901770748863,已存在,已儲存
4901770748573,已存在,已儲存
4901770748580,已存在,已儲存
4901770748597,已存在,已儲存
4573256429834,已存在,已儲存
4550432083219,已存在,已儲存
10809,無效條碼,未儲存
4571609330776,已存在,已儲存
4571609330844,已存在,已儲存
4571609330752,已存在,已儲存
4582662970496,已存在,已儲存
4582662970489,已存在,已儲存
4582662970472,已存在,已儲存
4582662970465,已存在,已儲存
4582662970434,已存在,已儲存
4582662970410,已存在,已儲存
4582662970458,已存在,已儲存
4582662915367,已存在,已儲存
4582662915350,已存在,已儲存
4582662915312,已存在,已儲存
4582662915329,已存在,已儲存
4582662915336,已存在,已儲存
4582662915343,已存在,已儲存
4589468445876,未找到,未儲存
4570189187565,未找到,未儲存
10810,無效條碼,未儲存
10811,無效條碼,未儲存
4582662929401,已存在,已儲存
4582662929395,已存在,已儲存
4582662929364,已存在,已儲存
4582662929371,已存在,已儲存
4582662929357,已存在,已儲存
4582662929388,已存在,已儲存
4582662929418,已存在,已儲存
4582662961630,已存在,已儲存
4582662917194,已存在,已儲存
4582662985964,已存在,已儲存
4589468449379,已存在,已儲存
4589468449362,已存在,已儲存
4589468449386,已存在,已儲存
4582662913578,已存在,已儲存
4589468449355,已存在,已儲存
4589468450115,已存在,已儲存
4589468450092,已存在,已儲存
4589468450108,已存在,已儲存
4582662913646,已存在,已儲存
4582662927018,已存在,已儲存
4589468439912,已存在,已儲存
4582662927025,已存在,已儲存
4582662979222,已存在,已儲存
4582662920262,已存在,已儲存
4589468458272,已存在,已儲存
4582662912694,已存在,已儲存
4582662929456,已存在,已儲存
4582662949393,已存在,已儲存
4570189186292,已存在,已儲存
4570189186247,已存在,已儲存
4570189186223,已存在,已儲存
4582662946163,已存在,已儲存
10812,無效條碼,未儲存
10813,無效條碼,未儲存
10814,無效條碼,未儲存
10815,無效條碼,未儲存
10816,無效條碼,未儲存
10817,無效條碼,未儲存
10818,無效條碼,未儲存
10819,無效條碼,未儲存
4582662906549,已存在,已儲存
4582662978621,已存在,已儲存
4905114923275,已存在,已儲存
4905114923282,已存在,已儲存
4582757040912,已存在,已儲存
4994209038642,已存在,已儲存
4905114923268,已存在,已儲存
4905114923251,已存在,已儲存
4974475918336,已存在,已儲存
4582662951532,已存在,已儲存
4582662951549,已存在,已儲存
4582662951556,已存在,已儲存
4970381664954,已存在,已儲存
4970381664961,已存在,已儲存
4582662961869,已存在,已儲存
4550433017909,已存在,已儲存
4582662919433,已存在,已儲存
4582662975439,已存在,已儲存
4582662975422,已存在,已儲存
4582662975415,已存在,已儲存
4582662913653,已存在,已儲存
4582662913660,已存在,已儲存
4582662913677,已存在,已儲存
4582662951624,已存在,已儲存
4582662970557,已存在,已儲存
4582662905757,已存在,已儲存
4548387249095,已存在,已儲存
4548387249101,已存在,已儲存
4548387249118,已存在,已儲存
4548387249125,已存在,已儲存
4548387249132,已存在,已儲存
4548387249149,已存在,已儲存
4904810933861,已存在,已儲存
4975201331825,已存在,已儲存
4550432197008,已存在,已儲存
4550432197015,已存在,已儲存
4550432197022,已存在,已儲存
4550432197039,已存在,已儲存
4901770748610,已存在,已儲存
4901770748627,已存在,已儲存
10834,無效條碼,未儲存
10835,無效條碼,未儲存
10836,無效條碼,未儲存
10837,無效條碼,未儲存
10838,無效條碼,未儲存
10839,無效條碼,未儲存
10840,無效條碼,未儲存
10841,無效條碼,未儲存
10842,無效條碼,未儲存
10843,無效條碼,未儲存
10844,無效條碼,未儲存
10845,無效條碼,未儲存
10846,無效條碼,未儲存
4582662986022,已存在,已儲存
10847,無效條碼,未儲存
4979274948003,已存在,已儲存
4550311028577,已存在,已儲存
4582662905245,已存在,已儲存
4548387464337,已存在,已儲存
10848,無效條碼,未儲存
10849,無效條碼,未儲存
10850,無效條碼,未儲存
10851,無效條碼,未儲存
10852,無效條碼,未儲存
10853,無效條碼,未儲存
10854,無效條碼,未儲存
10855,無效條碼,未儲存
4582662961982,已存在,已儲存
10856,無效條碼,未儲存
10857,無效條碼,未儲存
10858,無效條碼,未儲存
10859,無效條碼,未儲存
10860,無效條碼,未儲存
10861,無效條碼,未儲存
10862,無效條碼,未儲存
10863,無效條碼,未儲存
10864,無效條碼,未儲存
10865,無效條碼,未儲存
10866,無效條碼,未儲存
10867,無效條碼,未儲存
10868,無效條碼,未儲存
10869,無效條碼,未儲存
10870,無效條碼,未儲存
10871,無效條碼,未儲存
10872,無效條碼,未儲存
10873,無效條碼,未儲存
10874,無效條碼,未儲存
10875,無效條碼,未儲存
10876,無效條碼,未儲存
10877,無效條碼,未儲存
10878,無效條碼,未儲存
10879,無效條碼,未儲存
10880,無效條碼,未儲存
10881,無效條碼,未儲存
10882,無效條碼,未儲存
10883,無效條碼,未儲存
10884,無效條碼,未儲存
10885,無效條碼,未儲存
10886,無效條碼,未儲存
10887,無效條碼,未儲存
10888,無效條碼,未儲存
10889,無效條碼,未儲存
10890,無效條碼,未儲存
10891,無效條碼,未儲存
10892,無效條碼,未儲存
10893,無效條碼,未儲存
10894,無效條碼,未儲存
4570198430188,已存在,已儲存
4570198430171,已存在,已儲存
4570198430164,已存在,已儲存
10895,無效條碼,未儲存
10896,無效條碼,未儲存
10897,無效條碼,未儲存
4582662944336,已存在,已儲存
4571609335153,已存在,已儲存
4571609335160,已存在,已儲存
4571609335177,已存在,已儲存
4571609335184,已存在,已儲存
4571609335214,已存在,已儲存
4571609335221,已存在,已儲存
4571609335191,已存在,已儲存
4571609335207,已存在,已儲存
4582662959347,已存在,已儲存
4582662959354,已存在,已儲存
4582662959361,已存在,已儲存
4582662959378,已存在,已儲存
4571609337478,已存在,已儲存
4570189187558,未找到,未儲存
4571609337492,已存在,已儲存
4570189187589,未找到,未儲存
4570189188579,未找到,未儲存
4571609337799,已存在,已儲存
4571609337805,已存在,已儲存
4571609337782,已存在,已儲存
4571609337829,已存在,已儲存
4571609337812,已存在,已儲存
4571609337836,已存在,已儲存
4571609337843,已存在,已儲存
4571609337850,已存在,已儲存
4571609337713,已存在,已儲存
4571609337720,已存在,已儲存
4571609337744,已存在,已儲存
4571609337737,已存在,已儲存
4571609336778,已存在,已儲存
4571609336785,已存在,已儲存
4571609336792,已存在,已儲存
4571609336808,已存在,已儲存
4571609337911,已存在,已儲存
4571609337508,已存在,已儲存
4571609337515,已存在,已儲存
4571609337904,已存在,已儲存
4571609337881,已存在,已儲存
4571609337867,已存在,已儲存
4571609337874,已存在,已儲存
4571609337973,已存在,已儲存
4571609337966,已存在,已儲存
4571609337959,已存在,已儲存
4571609337898,已存在,已儲存
4571609337942,已存在,已儲存
4571609337935,已存在,已儲存
4571609335238,已存在,已儲存
4571609337522,已存在,已儲存
4571609337539,已存在,已儲存
4571609337546,已存在,已儲存
4571609337751,已存在,已儲存
4571609337768,已存在,已儲存
4571609337775,已存在,已儲存
4582662929579,未找到,未儲存
4582662958401,已存在,已儲存
4571609337225,已存在,已儲存
4571609337232,已存在,已儲存
4571609337249,已存在,已儲存
4571609337256,已存在,已儲存
4571609337188,已存在,已儲存
4571609337195,已存在,已儲存
4571609337201,已存在,已儲存
4571609337218,已存在,已儲存
4571609337164,已存在,已儲存
4571609337171,已存在,已儲存
4571609337140,已存在,已儲存
4571609337157,已存在,已儲存
4571609337133,已存在,已儲存
4571609337126,已存在,已儲存
4571609337119,已存在,已儲存
4571609337553,已存在,已儲存
4571609336747,已存在,已儲存
4582662958500,已存在,已儲存
4582662958517,已存在,已儲存
4582662959385,已存在,已儲存
4550432146617,已存在,已儲存
4548387198713,已存在,已儲存
4548387198706,已存在,已儲存
10974,無效條碼,未儲存
10975,無效條碼,未儲存
10976,無效條碼,未儲存
10977,無效條碼,未儲存
10978,無效條碼,未儲存
10979,無效條碼,未儲存
10980,無效條碼,未儲存
10981,無效條碼,未儲存
10982,無效條碼,未儲存
10983,無效條碼,未儲存
10984,無效條碼,未儲存
10985,無效條碼,未儲存
10986,無效條碼,未儲存
4571609341987,已存在,已儲存
4571609341994,已存在,已儲存
4571609342007,已存在,已儲存
4571609342014,已存在,已儲存
4571609342021,已存在,已儲存
4994209087985,已存在,已儲存
4582662958395,已存在,已儲存
4582662927377,未找到,未儲存
4571609341383,未找到,未儲存
4582662957541,未找到,未儲存
4571609337461,未找到,未儲存
31302,無效條碼,未儲存
31301,無效條碼,未儲存
31300,無效條碼,未儲存
31299,無效條碼,未儲存
31298,無效條碼,未儲存
31295,無效條碼,未儲存
31294,無效條碼,未儲存
31293,無效條碼,未儲存
31292,無效條碼,未儲存
31291,無效條碼,未儲存
31290,無效條碼,未儲存
31289,無效條碼,未儲存
31288,無效條碼,未儲存
31282,無效條碼,未儲存
31281,無效條碼,未儲存
31280,無效條碼,未儲存
31279,無效條碼,未儲存
31287,無效條碼,未儲存
31286,無效條碼,未儲存
31285,無效條碼,未儲存
31284,無效條碼,未儲存
31283,無效條碼,未儲存
31276,無效條碼,未儲存
31277,無效條碼,未儲存
31278,無效條碼,未儲存
31274,無效條碼,未儲存
31273,無效條碼,未儲存
31272,無效條碼,未儲存
31271,無效條碼,未儲存
31265,無效條碼,未儲存
31264,無效條碼,未儲存
31263,無效條碼,未儲存
31262,無效條碼,未儲存
31266,無效條碼,未儲存
31317,無效條碼,未儲存
31326,無效條碼,未儲存
31325,無效條碼,未儲存
31324,無效條碼,未儲存
31327,無效條碼,未儲存
31328,無效條碼,未儲存
31319,無效條碼,未儲存
31318,無效條碼,未儲存
31323,無效條碼,未儲存
31322,無效條碼,未儲存
31321,無效條碼,未儲存
31320,無效條碼,未儲存
31305,無效條碼,未儲存
31304,無效條碼,未儲存
31303,無效條碼,未儲存
31267,無效條碼,未儲存
31418,無效條碼,未儲存
31308,無效條碼,未儲存
31307,無效條碼,未儲存
31306,無效條碼,未儲存
31270,無效條碼,未儲存
31269,無效條碼,未儲存
31268,無效條碼,未儲存
31417,無效條碼,未儲存
31261,無效條碼,未儲存
31260,無效條碼,未儲存
31259,無效條碼,未儲存
31258,無效條碼,未儲存
31257,無效條碼,未儲存
31256,無效條碼,未儲存
31416,無效條碼,未儲存
31415,無效條碼,未儲存
31414,無效條碼,未儲存
31255,無效條碼,未儲存
31252,無效條碼,未儲存
31249,無效條碼,未儲存
31316,無效條碼,未儲存
31314,無效條碼,未儲存
31312,無效條碼,未儲存
31310,無效條碼,未儲存
31297,無效條碼,未儲存
31392,無效條碼,未儲存
31412,無效條碼,未儲存
31413,無效條碼,未儲存
31348,無效條碼,未儲存
31347,無效條碼,未儲存
31346,無效條碼,未儲存
31345,無效條碼,未儲存
31344,無效條碼,未儲存
31343,無效條碼,未儲存
31342,無效條碼,未儲存
31341,無效條碼,未儲存
31340,無效條碼,未儲存
31339,無效條碼,未儲存
31338,無效條碼,未儲存
31337,無效條碼,未儲存
31334,無效條碼,未儲存
31332,無效條碼,未儲存
31330,無效條碼,未儲存
31329,無效條碼,未儲存
31335,無效條碼,未儲存
31331,無效條碼,未儲存
31333,無效條碼,未儲存
31411,無效條碼,未儲存
31408,無效條碼,未儲存
31407,無效條碼,未儲存
31409,無效條碼,未儲存
31406,無效條碼,未儲存
31410,無效條碼,未儲存
31399,無效條碼,未儲存
31398,無效條碼,未儲存
31395,無效條碼,未儲存
31401,無效條碼,未儲存
31400,無效條碼,未儲存
31397,無效條碼,未儲存
31396,無效條碼,未儲存
31393,無效條碼,未儲存
31405,無效條碼,未儲存
31404,無效條碼,未儲存
31403,無效條碼,未儲存
31402,無效條碼,未儲存
31394,無效條碼,未儲存
31336,無效條碼,未儲存
4589468449485,已存在,已儲存
4589468449492,已存在,已儲存
4589468449508,已存在,已儲存
4589468449454,已存在,已儲存
4589468449461,已存在,已儲存
4589468449478,已存在,已儲存
4582662980129,已存在,已儲存
4582662980112,已存在,已儲存
4582662980105,已存在,已儲存
4582662959293,已存在,已儲存
4582662962149,已存在,已儲存
4994209015049,已存在,已儲存
4994209015056,已存在,已儲存
4994209015063,已存在,已儲存
4994209015087,已存在,已儲存
4994209015070,已存在,已儲存
4994209015094,已存在,已儲存
4994209015100,已存在,已儲存
4550311071429,已存在,已儲存
4550311071412,已存在,已儲存
4901770763934,已存在,已儲存
4901770763941,已存在,已儲存
4901770748887,已存在,已儲存
4901770748894,已存在,已儲存
4901770748900,已存在,已儲存
4901770748917,已存在,已儲存
4901770748924,已存在,已儲存
4582662952461,已存在,已儲存
4992272883367,已存在,已儲存
4571609346074,已存在,已儲存
4571609346081,已存在,已儲存
4571609346098,已存在,已儲存
4571609346104,已存在,已儲存
10987,無效條碼,未儲存
4970381657468,未找到,未儲存
4571609337485,未找到,未儲存
4582662987708,未找到,未儲存
4571609331445,未找到,未儲存
4589468455820,未找到,未儲存
4589468456032,未找到,未儲存
10991,無效條碼,未儲存
10992,無效條碼,未儲存
10993,無效條碼,未儲存
10994,無效條碼,未儲存
10995,無效條碼,未儲存
10996,無效條碼,未儲存
10997,無效條碼,未儲存
10998,無效條碼,未儲存
10999,無效條碼,未儲存
11000,無效條碼,未儲存
11001,無效條碼,未儲存
11002,無效條碼,未儲存
11003,無效條碼,未儲存
11004,無效條碼,未儲存
11005,無效條碼,未儲存
11006,無效條碼,未儲存
11007,無效條碼,未儲存
11008,無效條碼,未儲存
11009,無效條碼,未儲存
11010,無效條碼,未儲存
11011,無效條碼,未儲存
11012,無效條碼,未儲存
11013,無效條碼,未儲存
11014,無效條碼,未儲存
11015,無效條碼,未儲存
11016,無效條碼,未儲存
11017,無效條碼,未儲存
11018,無效條碼,未儲存
11019,無效條碼,未儲存
11020,無效條碼,未儲存
11021,無效條碼,未儲存
11022,無效條碼,未儲存
11023,無效條碼,未儲存
11024,無效條碼,未儲存
11025,無效條碼,未儲存
11026,無效條碼,未儲存
11027,無效條碼,未儲存
11028,無效條碼,未儲存
11029,無效條碼,未儲存
11030,無效條碼,未儲存
11031,無效條碼,未儲存
11032,無效條碼,未儲存
11033,無效條碼,未儲存
11034,無效條碼,未儲存
11035,無效條碼,未儲存
11036,無效條碼,未儲存
11037,無效條碼,未儲存
11038,無效條碼,未儲存
11039,無效條碼,未儲存
11040,無效條碼,未儲存
11041,無效條碼,未儲存
11042,無效條碼,未儲存
11043,無效條碼,未儲存
11044,無效條碼,未儲存
11045,無效條碼,未儲存
11046,無效條碼,未儲存
11047,無效條碼,未儲存
11048,無效條碼,未儲存
11049,無效條碼,未儲存
11050,無效條碼,未儲存
11051,無效條碼,未儲存
11052,無效條碼,未儲存
11053,無效條碼,未儲存
11054,無效條碼,未儲存
11055,無效條碼,未儲存
11056,無效條碼,未儲存
11057,無效條碼,未儲存
11058,無效條碼,未儲存
11059,無效條碼,未儲存
11060,無效條碼,未儲存
11061,無效條碼,未儲存
11062,無效條碼,未儲存
11063,無效條碼,未儲存
11064,無效條碼,未儲存
11065,無效條碼,未儲存
11066,無效條碼,未儲存
11067,無效條碼,未儲存
11068,無效條碼,未儲存
11069,無效條碼,未儲存
11070,無效條碼,未儲存
11071,無效條碼,未儲存
11072,無效條碼,未儲存
11073,無效條碼,未儲存
11074,無效條碼,未儲存
11075,無效條碼,未儲存
11076,無效條碼,未儲存
11077,無效條碼,未儲存
11078,無效條碼,未儲存
11079,無效條碼,未儲存
11080,無效條碼,未儲存
11081,無效條碼,未儲存
11082,無效條碼,未儲存
11083,無效條碼,未儲存
11084,無效條碼,未儲存
11085,無效條碼,未儲存
11086,無效條碼,未儲存
11087,無效條碼,未儲存
11088,無效條碼,未儲存
11089,無效條碼,未儲存
11090,無效條碼,未儲存
11091,無效條碼,未儲存
11092,無效條碼,未儲存
11093,無效條碼,未儲存
11094,無效條碼,未儲存
11095,無效條碼,未儲存
11096,無效條碼,未儲存
11097,無效條碼,未儲存
11098,無效條碼,未儲存
11099,無效條碼,未儲存
11100,無效條碼,未儲存
11101,無效條碼,未儲存
11102,無效條碼,未儲存
11103,無效條碼,未儲存
11104,無效條碼,未儲存
11105,無效條碼,未儲存
11106,無效條碼,未儲存
11107,無效條碼,未儲存
11108,無效條碼,未儲存
11109,無效條碼,未儲存
11110,無效條碼,未儲存
11111,無效條碼,未儲存
11112,無效條碼,未儲存
11113,無效條碼,未儲存
11114,無效條碼,未儲存
11115,無效條碼,未儲存
11116,無效條碼,未儲存
11117,無效條碼,未儲存
11118,無效條碼,未儲存
11119,無效條碼,未儲存
11120,無效條碼,未儲存
11121,無效條碼,未儲存
11122,無效條碼,未儲存
11123,無效條碼,未儲存
11124,無效條碼,未儲存
11125,無效條碼,未儲存
11126,無效條碼,未儲存
11127,無效條碼,未儲存
11128,無效條碼,未儲存
11129,無效條碼,未儲存
11130,無效條碼,未儲存
11131,無效條碼,未儲存
11132,無效條碼,未儲存
11133,無效條碼,未儲存
11134,無效條碼,未儲存
11135,無效條碼,未儲存
11136,無效條碼,未儲存
11137,無效條碼,未儲存
11138,無效條碼,未儲存
11139,無效條碼,未儲存
11140,無效條碼,未儲存
11141,無效條碼,未儲存
11142,無效條碼,未儲存
11143,無效條碼,未儲存
11144,無效條碼,未儲存
11145,無效條碼,未儲存
11146,無效條碼,未儲存
11147,無效條碼,未儲存
11148,無效條碼,未儲存
11149,無效條碼,未儲存
11150,無效條碼,未儲存
11151,無效條碼,未儲存
11152,無效條碼,未儲存
11153,無效條碼,未儲存
11154,無效條碼,未儲存
11155,無效條碼,未儲存
11156,無效條碼,未儲存
11157,無效條碼,未儲存
11158,無效條碼,未儲存
11159,無效條碼,未儲存
11160,無效條碼,未儲存
11161,無效條碼,未儲存
11162,無效條碼,未儲存
11163,無效條碼,未儲存
11164,無效條碼,未儲存
11165,無效條碼,未儲存
11166,無效條碼,未儲存
11167,無效條碼,未儲存
11168,無效條碼,未儲存
11169,無效條碼,未儲存
11170,無效條碼,未儲存
11171,無效條碼,未儲存
11172,無效條碼,未儲存
11173,無效條碼,未儲存
11174,無效條碼,未儲存
11175,無效條碼,未儲存
11176,無效條碼,未儲存
11177,無效條碼,未儲存
11178,無效條碼,未儲存
11179,無效條碼,未儲存
4994209087992,已存在,已儲存
4994209088012,已存在,已儲存
4994209088029,已存在,已儲存
4994209088043,已存在,已儲存
4994209088050,已存在,已儲存
4994209088104,已存在,已儲存
4582662981676,已存在,已儲存
4582662970519,已存在,已儲存
4570189188869,已存在,已儲存
4570189188890,已存在,已儲存
4570189188920,已存在,已儲存
4582662958524,已存在,已儲存
4582662952102,已存在,已儲存
4582662952119,已存在,已儲存
4582662952126,已存在,已儲存
4582662952133,已存在,已儲存
4582662952157,已存在,已儲存
4582662952140,已存在,已儲存
4582662952164,已存在,已儲存
4582662952188,已存在,已儲存
4582662952171,已存在,已儲存
4582662952195,已存在,已儲存
4904810916444,已存在,已儲存
4904810919483,已存在,已儲存
4571609339847,已存在,已儲存
4571609339823,已存在,已儲存
4571609339816,已存在,已儲存
4571609339830,已存在,已儲存
4571609336754,已存在,已儲存
4571609336761,已存在,已儲存
4582662944350,已存在,已儲存
4571609344285,已存在,已儲存
4571609344308,已存在,已儲存
4571609344292,已存在,已儲存
4571609344315,已存在,已儲存
4571609344322,已存在,已儲存
4571609344339,已存在,已儲存
4571609344346,已存在,已儲存
4571609344353,已存在,已儲存
4571609341796,已存在,已儲存
4974475939737,已存在,已儲存
4974475939836,已存在,已儲存
1000132260,無效條碼,未儲存
1000132259,無效條碼,未儲存
S2958406,無效條碼,未儲存
4901770760223,已存在,已儲存
4901770760315,已存在,已儲存
S2958511,無效條碼,未儲存
1000132223,無效條碼,未儲存
4970381217655,已存在,已儲存
1000132222,無效條碼,未儲存
1000132262,無效條碼,未儲存
4500000482876,未找到,未儲存
11181,無效條碼,未儲存
11182,無效條碼,未儲存
11183,無效條碼,未儲存
11189,無效條碼,未儲存
11190,無效條碼,未儲存
11191,無效條碼,未儲存
11192,無效條碼,未儲存
11193,無效條碼,未儲存
11194,無效條碼,未儲存
11195,無效條碼,未儲存
11196,無效條碼,未儲存
11197,無效條碼,未儲存
11198,無效條碼,未儲存
11199,無效條碼,未儲存
11200,無效條碼,未儲存
11201,無效條碼,未儲存
11202,無效條碼,未儲存
11203,無效條碼,未儲存
11204,無效條碼,未儲存
11205,無效條碼,未儲存
11206,無效條碼,未儲存
11207,無效條碼,未儲存
11208,無效條碼,未儲存
11209,無效條碼,未儲存
11210,無效條碼,未儲存
11211,無效條碼,未儲存
11212,無效條碼,未儲存
11213,無效條碼,未儲存
4571609348115,已存在,已儲存
4571609343172,未找到,未儲存
4570189187572,未找到,未儲存
4570189184663,未找到,未儲存
11215,無效條碼,未儲存
11216,無效條碼,未儲存
11217,無效條碼,未儲存
11218,無效條碼,未儲存
11219,無效條碼,未儲存
11220,無效條碼,未儲存
11221,無效條碼,未儲存
11222,無效條碼,未儲存
11223,無效條碼,未儲存
11224,無效條碼,未儲存
11225,無效條碼,未儲存
4571609347521,已存在,已儲存
4571609343165,未找到,未儲存
4571609339670,已存在,已儲存
4571609339687,已存在,已儲存
4571609339694,已存在,已儲存
4570189184694,未找到,未儲存
4995027140333,未找到,未儲存
4571609345626,未找到,未儲存
11230,無效條碼,未儲存
4570117916427,未找到,未儲存
11232,無效條碼,未儲存
11235,無效條碼,未儲存
11236,無效條碼,未儲存
11237,無效條碼,未儲存
4901770719849,已存在,已儲存
11238,無效條碼,未儲存
11239,無效條碼,未儲存
4570189184502,未找到,未儲存
11242,無效條碼,未儲存
11243,無效條碼,未儲存
11244,無效條碼,未儲存
11245,無效條碼,未儲存
11246,無效條碼,未儲存
11247,無效條碼,未儲存
11248,無效條碼,未儲存
11249,無效條碼,未儲存
4582662964686,已存在,已儲存
4582662964693,已存在,已儲存
4582662964709,已存在,已儲存
4582662964662,已存在,已儲存
4582662964679,已存在,已儲存
4582662944374,已存在,已儲存
11256,無效條碼,未儲存
4970381802936,已存在,已儲存
11258,無效條碼,未儲存
4582662929197,已存在,已儲存
4582662929227,已存在,已儲存
4582662929234,已存在,已儲存
4582662929258,已存在,已儲存
4582662929265,已存在,已儲存
4582662929272,已存在,已儲存
4582662929289,已存在,已儲存
4582662929296,已存在,已儲存
4582662929302,已存在,已儲存
4582662929241,已存在,已儲存
4582662929203,已存在,已儲存
4582662929210,已存在,已儲存
11271,無效條碼,未儲存
4582664152487,已存在,已儲存
4582664152470,已存在,已儲存
4582664152500,已存在,已儲存
4582664153439,已存在,已儲存
4550311071405,已存在,已儲存
4550311071399,已存在,已儲存
4571509301647,已存在,已儲存
4571509301593,已存在,已儲存
4571509301654,已存在,已儲存
4571509301609,已存在,已儲存
4582662981041,已存在,已儲存
4582662915084,未找到,未儲存
4582662927971,未找到,未儲存
4582662981225,已存在,已儲存
4582662981690,已存在,已儲存
4970381682262,已存在,已儲存
4970381682255,已存在,已儲存
4582662981232,已存在,已儲存
4548387244427,已存在,已儲存
4548387244465,已存在,已儲存
4550433005692,已存在,已儲存
4550433006385,已存在,已儲存
11293,無效條碼,未儲存
11294,無效條碼,未儲存
11295,無效條碼,未儲存
11296,無效條碼,未儲存
11297,無效條碼,未儲存
11298,無效條碼,未儲存
11299,無效條碼,未儲存
11300,無效條碼,未儲存
11301,無效條碼,未儲存
11302,無效條碼,未儲存
11303,無效條碼,未儲存
11304,無效條碼,未儲存
11305,無效條碼,未儲存
11306,無效條碼,未儲存
11307,無效條碼,未儲存
11308,無效條碼,未儲存
11309,無效條碼,未儲存
11310,無效條碼,未儲存
11311,無效條碼,未儲存
4571609342427,已存在,已儲存
4571609342434,已存在,已儲存
4571609342441,已存在,已儲存
4571609342458,已存在,已儲存
4571609342465,已存在,已儲存
4571609342472,已存在,已儲存
4571609342489,已存在,已儲存
4571609342496,已存在,已儲存
4571609342502,已存在,已儲存
4571609342519,已存在,已儲存
4571609342526,已存在,已儲存
4571609342533,已存在,已儲存
4571609346838,已存在,已儲存
4571609347002,已存在,已儲存
4571609347019,已存在,已儲存
4570189191197,已存在,已儲存
4570189191173,已存在,已儲存
4570189191159,已存在,已儲存
4570189191210,已存在,已儲存
4571609347156,已存在,已儲存
4571609347149,已存在,已儲存
4571609347163,已存在,已儲存
4570189191265,已存在,已儲存
4570189191258,已存在,已儲存
4570189191241,已存在,已儲存
4570189191234,已存在,已儲存
4571609347170,已存在,已儲存
4571609347187,已存在,已儲存
4571609347194,已存在,已儲存
4571609347200,已存在,已儲存
4571609347224,已存在,已儲存
4571609347231,已存在,已儲存
4571609347248,已存在,已儲存
4571609347255,已存在,已儲存
4571609347262,已存在,已儲存
4571609347217,已存在,已儲存
4571609346425,已存在,已儲存
4571609346418,已存在,已儲存
4571609346401,已存在,已儲存
4571609346395,已存在,已儲存
4571609346470,已存在,已儲存
4571609346487,已存在,已儲存
4571609346494,已存在,已儲存
4571609346500,已存在,已儲存
4571609346517,已存在,已儲存
4571609346524,已存在,已儲存
4571609346531,已存在,已儲存
4571609346548,已存在,已儲存
4571609346555,已存在,已儲存
4571609346562,已存在,已儲存
4571609346579,已存在,已儲存
4571609346586,已存在,已儲存
4571609346593,已存在,已儲存
4571609346609,已存在,已儲存
4571609346616,已存在,已儲存
4571609346623,已存在,已儲存
4571609346630,已存在,已儲存
4571609346647,已存在,已儲存
4571609346654,已存在,已儲存
4571609346678,已存在,已儲存
4571609346685,已存在,已儲存
4571609346692,已存在,已儲存
4571609346708,已存在,已儲存
4571609346715,已存在,已儲存
4571609346722,已存在,已儲存
4571609346739,已存在,已儲存
4571609346661,已存在,已儲存
4571609346807,已存在,已儲存
4571609346821,已存在,已儲存
4571609346784,已存在,已儲存
4571609346791,已存在,已儲存
4571609346746,已存在,已儲存
4571609346753,已存在,已儲存
4571609346760,已存在,已儲存
4571609346777,已存在,已儲存
4571609346951,已存在,已儲存
4571609346968,已存在,已儲存
4571609346975,已存在,已儲存
4571609346982,已存在,已儲存
4571609346999,已存在,已儲存
4571609346913,已存在,已儲存
4571609346920,已存在,已儲存
4571609346937,已存在,已儲存
4571609346944,已存在,已儲存
4571609346883,已存在,已儲存
4571609346890,已存在,已儲存
4571609346906,已存在,已儲存
4571609346869,已存在,已儲存
4571609346876,已存在,已儲存
4571609347026,已存在,已儲存
4571609347033,已存在,已儲存
4571609347040,已存在,已儲存
4571609346845,已存在,已儲存
4571609346852,已存在,已儲存
4571609347057,已存在,已儲存
4571609347064,已存在,已儲存
4571609347071,已存在,已儲存
4571609347088,已存在,已儲存
4571609347125,已存在,已儲存
4571609347132,已存在,已儲存
4571609347095,已存在,已儲存
4571609347101,已存在,已儲存
4571609347118,已存在,已儲存
4571609345992,已存在,已儲存
4582662961876,已存在,已儲存
4582662952478,已存在,已儲存
4550433006484,已存在,已儲存
4580045306740,未找到,未儲存
4582662929708,未找到,未儲存
4589643972937,未找到,未儲存
4582662929715,未找到,未儲存
11421,無效條碼,未儲存
11422,無效條碼,未儲存
11423,無效條碼,未儲存
11425,無效條碼,未儲存
4582662915060,未找到,未儲存
4582662929692,未找到,未儲存
4582662929685,未找到,未儲存
4589643972920,未找到,未儲存
X00184UWF5,無效條碼,未儲存
11430,無效條碼,未儲存
11431,無效條碼,未儲存
11433,無效條碼,未儲存
11434,無效條碼,未儲存
4550432140585,已存在,已儲存
4582662984219,已存在,已儲存
4582662919914,已存在,已儲存
4589468440802,已存在,已儲存
4582662970441,已存在,已儲存
11440,無效條碼,未儲存
11441,無效條碼,未儲存
11442,無效條碼,未儲存
11443,無效條碼,未儲存
11444,無效條碼,未儲存
11445,無效條碼,未儲存
11446,無效條碼,未儲存
11447,無效條碼,未儲存
11448,無效條碼,未儲存
11449,無效條碼,未儲存
11450,無效條碼,未儲存
11451,無效條碼,未儲存
11452,無效條碼,未儲存
11453,無效條碼,未儲存
11454,無效條碼,未儲存
11455,無效條碼,未儲存
11456,無效條碼,未儲存
11457,無效條碼,未儲存
11458,無效條碼,未儲存
11459,無效條碼,未儲存
11460,無效條碼,未儲存
11461,無效條碼,未儲存
11462,無效條碼,未儲存
11463,無效條碼,未儲存
11464,無效條碼,未儲存
11465,無效條碼,未儲存
11466,無效條碼,未儲存
11467,無效條碼,未儲存
11468,無效條碼,未儲存
11469,無效條碼,未儲存
11470,無效條碼,未儲存
11471,無效條碼,未儲存
11472,無效條碼,未儲存
4571609342670,已存在,已儲存
4571609342694,已存在,已儲存
4571609342687,已存在,已儲存
4571609342700,已存在,已儲存
4571609342717,已存在,已儲存
4571609347682,未找到,未儲存
4571609342724,已存在,已儲存
4571609346319,已存在,已儲存
4571609346326,已存在,已儲存
4571609346340,已存在,已儲存
4571609346333,已存在,已儲存
4571609346357,已存在,已儲存
4571609346364,已存在,已儲存
4571609346371,已存在,已儲存
4571609346388,已存在,已儲存
4571609344001,已存在,已儲存
4571609344018,已存在,已儲存
4571609344025,已存在,已儲存
4571609344049,已存在,已儲存
4571609344032,已存在,已儲存
4571609344056,已存在,已儲存
4571609344063,已存在,已儲存
4571609344070,已存在,已儲存
4571609345176,已存在,已儲存
4571609345183,已存在,已儲存
4571609345190,已存在,已儲存
4571609345206,已存在,已儲存
4571609345213,已存在,已儲存
4571609345220,已存在,已儲存
4571609345237,已存在,已儲存
4571609345244,已存在,已儲存
4571609345091,已存在,已儲存
4571609345107,已存在,已儲存
4571609345114,已存在,已儲存
4571609345121,已存在,已儲存
4571609345138,已存在,已儲存
4571609345145,已存在,已儲存
4571609345152,已存在,已儲存
4571609345169,已存在,已儲存
4571609345251,已存在,已儲存
4571609345268,已存在,已儲存
4571609345275,已存在,已儲存
4571609345282,已存在,已儲存
4571609345299,已存在,已儲存
4571609345305,已存在,已儲存
4571609345312,已存在,已儲存
4571609345329,已存在,已儲存
4570117919411,未找到,未儲存
4570117916151,未找到,未儲存
11519,無效條碼,未儲存
11520,無效條碼,未儲存
11521,無效條碼,未儲存
11522,無效條碼,未儲存
11523,無效條碼,未儲存
11524,無效條碼,未儲存
4582662964426,已存在,已儲存
4582662964433,已存在,已儲存
4582662964440,已存在,已儲存
4582662964457,已存在,已儲存
9784065341407,未找到,未儲存
4977629655750,未找到,未儲存
9784065319727,未找到,未儲存
4582662915169,未找到,未儲存
4582662977532,已存在,已儲存
4582662905306,已存在,已儲存
11529,無效條碼,未儲存
4582547934094,已存在,已儲存
4582547934100,已存在,已儲存
4582547934117,已存在,已儲存
4582547934124,已存在,已儲存
4582547934148,已存在,已儲存
4582547934131,已存在,已儲存
4582547934032,已存在,已儲存
4582547934049,已存在,已儲存
4582547934056,已存在,已儲存
4582547934087,已存在,已儲存
4582547934063,已存在,已儲存
4582547934070,已存在,已儲存
4550311083934,已存在,已儲存
4550311083927,已存在,已儲存
4550311083941,已存在,已儲存
4550311084061,已存在,已儲存
4550311084054,已存在,已儲存
4550311084085,已存在,已儲存
4550311084078,已存在,已儲存
4550310921206,已存在,已儲存
4550310921213,已存在,已儲存
4580045307921,已存在,已儲存
4582547933653,已存在,已儲存
4582547933622,已存在,已儲存
11530,無效條碼,未儲存
4970381497910,已存在,已儲存
4549660929802,已存在,已儲存
4548387018479,已存在,已儲存
4548387018462,已存在,已儲存
11537,無效條碼,未儲存
11538,無效條碼,未儲存
11539,無效條碼,未儲存
11540,無效條碼,未儲存
11541,無效條碼,未儲存
11542,無效條碼,未儲存
11543,無效條碼,未儲存
11544,無效條碼,未儲存
11545,無效條碼,未儲存
11546,無效條碼,未儲存
11547,無效條碼,未儲存
11548,無效條碼,未儲存
11549,無效條碼,未儲存
11550,無效條碼,未儲存
11551,無效條碼,未儲存
11552,無效條碼,未儲存
11553,無效條碼,未儲存
11554,無效條碼,未儲存
11555,無效條碼,未儲存
11556,無效條碼,未儲存
11557,無效條碼,未儲存
11558,無效條碼,未儲存
11559,無效條碼,未儲存
11560,無效條碼,未儲存
11561,無效條碼,未儲存
11562,無效條碼,未儲存
11563,無效條碼,未儲存
11564,無效條碼,未儲存
11565,無效條碼,未儲存
11566,無效條碼,未儲存
4571609345480,已存在,已儲存
4571609345497,已存在,已儲存
4571609346111,已存在,已儲存
4571609346128,已存在,已儲存
4571609346135,已存在,已儲存
4571609350958,已存在,已儲存
4571609350965,已存在,已儲存
4571609350972,已存在,已儲存
4571609350989,已存在,已儲存
4571609350996,已存在,已儲存
4571609351009,已存在,已儲存
4571609350774,已存在,已儲存
4571609350781,已存在,已儲存
4571609350798,已存在,已儲存
4571609350804,已存在,已儲存
4571609350811,已存在,已儲存
4571609350828,已存在,已儲存
4571609350835,已存在,已儲存
4571609350842,已存在,已儲存
4571609350859,已存在,已儲存
4571609350866,已存在,已儲存
4571609350873,已存在,已儲存
4571609350880,已存在,已儲存
4571609350897,已存在,已儲存
4571609350903,已存在,已儲存
4571609350910,已存在,已儲存
4571609350927,已存在,已儲存
4571609350934,已存在,已儲存
4571609350941,已存在,已儲存
11596,無效條碼,未儲存
11597,無效條碼,未儲存
11598,無效條碼,未儲存
11599,無效條碼,未儲存
11600,無效條碼,未儲存
11601,無效條碼,未儲存
11602,無效條碼,未儲存
11603,無效條碼,未儲存
11604,無效條碼,未儲存
11605,無效條碼,未儲存
11606,無效條碼,未儲存
11607,無效條碼,未儲存
11608,無效條碼,未儲存
11609,無效條碼,未儲存
11610,無效條碼,未儲存
11611,無效條碼,未儲存
11612,無效條碼,未儲存
11613,無效條碼,未儲存
11614,無效條碼,未儲存
4571609340553,已存在,已儲存
11616,無效條碼,未儲存
11617,無效條碼,未儲存
11618,無效條碼,未儲存
4571609340485,已存在,已儲存
11620,無效條碼,未儲存
4571609340508,已存在,已儲存
4571609340515,已存在,已儲存
4571609340522,已存在,已儲存
4571609340539,已存在,已儲存
11625,無效條碼,未儲存
11626,無效條碼,未儲存
11627,無效條碼,未儲存
11628,無效條碼,未儲存
11629,無效條碼,未儲存
11630,無效條碼,未儲存
11631,無效條碼,未儲存
11632,無效條碼,未儲存
11633,無效條碼,未儲存
11634,無效條碼,未儲存
11635,無效條碼,未儲存
4992272792911,已存在,已儲存
4582662970427,已存在,已儲存
4582662966024,已存在,已儲存
4550310921367,已存在,已儲存
4994209112359,已存在,已儲存
4994209112366,已存在,已儲存
4994209112373,已存在,已儲存
4994209112342,已存在,已儲存
4994209112380,已存在,已儲存
4994209112250,已存在,已儲存
4994209112267,已存在,已儲存
4994209112274,已存在,已儲存
4994209112281,已存在,已儲存
4994209112298,已存在,已儲存
4994209112304,已存在,已儲存
4994209177808,已存在,已儲存
4570117994265,已存在,已儲存
4582662919464,已存在,已儲存
4582662961999,已存在,已儲存
4582662905115,已存在,已儲存
4571609333777,已存在,已儲存
4571609342038,已存在,已儲存
4571609342045,已存在,已儲存
4571609342052,已存在,已儲存
4571609342069,已存在,已儲存
4571609344803,已存在,已儲存
4571609343783,已存在,已儲存
4571609343790,已存在,已儲存
4571609343806,已存在,已儲存
4571609343813,已存在,已儲存
4571609343844,已存在,已儲存
4571609343837,已存在,已儲存
4571609343820,已存在,已儲存
4571609343851,已存在,已儲存
4571609343677,已存在,已儲存
4582662915176,未找到,未儲存
4582662921627,未找到,未儲存
4571609343691,已存在,已儲存
4582662915183,未找到,未儲存
4571609343943,已存在,已儲存
4571609343950,已存在,已儲存
4571609343868,已存在,已儲存
4571609343875,已存在,已儲存
4571609343882,已存在,已儲存
4571609343899,已存在,已儲存
4571609343929,已存在,已儲存
4571609343912,已存在,已儲存
4571609343905,已存在,已儲存
4571609343936,已存在,已儲存
4571609348498,已存在,已儲存
4571609343707,已存在,已儲存
4571609343714,已存在,已儲存
4571609343721,已存在,已儲存
4571609343738,已存在,已儲存
4571609343769,已存在,已儲存
4571609343752,已存在,已儲存
4571609343745,已存在,已儲存
4571609343776,已存在,已儲存
4571609348504,已存在,已儲存
4571609348511,已存在,已儲存
4571609348528,已存在,已儲存
4571609348535,已存在,已儲存
4571609348542,已存在,已儲存
4571609348559,已存在,已儲存
4571609348566,已存在,已儲存
4571609348573,已存在,已儲存
4571609348580,已存在,已儲存
4571609344735,已存在,已儲存
4571609344742,已存在,已儲存
4571609344759,已存在,已儲存
4571609344766,已存在,已儲存
4571609344773,已存在,已儲存
4571609344780,已存在,已儲存
4571609344797,已存在,已儲存
4571609341390,已存在,已儲存
4571609341406,已存在,已儲存
4570189189439,已存在,已儲存
4570189189453,已存在,已儲存
4570189189446,已存在,已儲存
4570189189460,已存在,已儲存
4570189189477,已存在,已儲存
4570189191548,已存在,已儲存
4570189191562,已存在,已儲存
11712,無效條碼,未儲存
11713,無效條碼,未儲存
4582662975224,已存在,已儲存
A11714,無效條碼,未儲存
A11715,無效條碼,未儲存
A11716,無效條碼,未儲存
A11717,無效條碼,未儲存
A11718,無效條碼,未儲存
A11719,無效條碼,未儲存
A11720,無效條碼,未儲存
A11721,無效條碼,未儲存
A11722,無效條碼,未儲存
A11723,無效條碼,未儲存
A11724,無效條碼,未儲存
A11725,無效條碼,未儲存
A11726,無效條碼,未儲存
A11727,無效條碼,未儲存
A11728,無效條碼,未儲存
A11729,無效條碼,未儲存
G11714,無效條碼,未儲存
4582662921634,未找到,未儲存
9784065347768,未找到,未儲存
4570189191166,未找到,未儲存
A11731,無效條碼,未儲存
4582662952928,已存在,已儲存
4582662952935,已存在,已儲存
4582662921641,未找到,未儲存
4582662952942,已存在,已儲存
4582662952904,已存在,已儲存
4582662952911,已存在,已儲存
4582662952881,已存在,已儲存
4582662952898,已存在,已儲存
4582662952867,已存在,已儲存
4582662952874,已存在,已儲存
4582662952836,已存在,已儲存
4582662952843,已存在,已儲存
4582662952850,已存在,已儲存
4582662952829,已存在,已儲存
4582662952812,已存在,已儲存
4582662952805,已存在,已儲存
4582662952799,已存在,已儲存
4582662952782,已存在,已儲存
4582662952775,已存在,已儲存
4582662946873,已存在,已儲存
4582662946880,已存在,已儲存
4582662946897,已存在,已儲存
4582662946903,已存在,已儲存
4582662946910,已存在,已儲存
4582662946927,已存在,已儲存
4582662946934,已存在,已儲存
4582662946941,已存在,已儲存
4582662950894,已存在,已儲存
4582662946842,已存在,已儲存
4582662946859,已存在,已儲存
4582662946866,已存在,已儲存
4570189190985,已存在,已儲存
4570189191012,已存在,已儲存
4582662929616,未找到,未儲存
4570189191043,已存在,已儲存
4570189191128,已存在,已儲存
4570189191135,已存在,已儲存
4570189191111,已存在,已儲存
4582662977198,已存在,已儲存
4979274941134,已存在,已儲存
4582662974777,已存在,已儲存
4582662985803,已存在,已儲存
4901771318676,已存在,已儲存
A11768,無效條碼,未儲存
4570189191852,已存在,已儲存
4570189191876,已存在,已儲存
4570189191890,已存在,已儲存
4570189191425,已存在,已儲存
4570189191432,已存在,已儲存
4994209162262,已存在,已儲存
4994209162293,已存在,已儲存
4582662917477,已存在,已儲存
4582662917484,已存在,已儲存
4582662917491,已存在,已儲存
4582662929425,已存在,已儲存
4905114921905,已存在,已儲存
4905114922117,已存在,已儲存
4905114922124,已存在,已儲存
4905114922131,已存在,已儲存
4905114922148,已存在,已儲存
4571609343660,未找到,未儲存
4570189188524,未找到,未儲存
4571609343684,未找到,未儲存
4515142500432,未找到,未儲存
4979750817526,已存在,已儲存
4979750817540,已存在,已儲存
4979750817519,已存在,已儲存
4901770766546,已存在,已儲存
4901770766553,已存在,已儲存
4901770766560,已存在,已儲存
4901770766577,已存在,已儲存
4901770766584,已存在,已儲存
4901770766591,已存在,已儲存
4901770766607,已存在,已儲存
4901770766614,已存在,已儲存
4901770766621,已存在,已儲存
4901770766638,已存在,已儲存
4901770766645,已存在,已儲存
4901770766652,已存在,已儲存
4901770766669,已存在,已儲存
4901770766676,已存在,已儲存
4901770766683,已存在,已儲存
4901770766690,已存在,已儲存
4901770766706,已存在,已儲存
4901770766713,已存在,已儲存
4901770766720,已存在,已儲存
4901770766737,已存在,已儲存
4901770766744,已存在,已儲存
4901770766751,已存在,已儲存
4901770766768,已存在,已儲存
4901770766775,已存在,已儲存
4901770766782,已存在,已儲存
4901770766799,已存在,已儲存
4901770766805,已存在,已儲存
4901770766812,已存在,已儲存
4901770766829,已存在,已儲存
4901770766836,已存在,已儲存
4901770766843,已存在,已儲存
4901770766850,已存在,已儲存
4901770766867,已存在,已儲存
4901770766874,已存在,已儲存
4901770766881,已存在,已儲存
4901770766898,已存在,已儲存
4901770766904,已存在,已儲存
4901770766911,已存在,已儲存
4901770766928,已存在,已儲存
4901770766935,已存在,已儲存
4901770766942,已存在,已儲存
4994209038673,已存在,已儲存
4570189191579,未找到,未儲存
4570189191883,未找到,未儲存
4570189191555,未找到,未儲存
4901771318706,已存在,已儲存
4901771318607,已存在,已儲存
4570189191869,未找到,未儲存
4582662915152,未找到,未儲存
2005000122538,未找到,未儲存
2005000122552,未找到,未儲存
4582662949522,已存在,已儲存
4974475888035,未找到,未儲存
4582365203594,未找到,未儲存
4549660876397,未找到,未儲存
2005000122996,未找到,未儲存
4571609348481,未找到,未儲存
4570189191029,未找到,未儲存
4582662951389,未找到,未儲存
4582612305699,未找到,未儲存
4570189191906,未找到,未儲存
200500122538,無效條碼,未儲存
H11714,無效條碼,未儲存
H11715,無效條碼,未儲存
H11716,無效條碼,未儲存
H11719,無效條碼,未儲存
4582662984424,已存在,已儲存
4570189189842,未找到,未儲存
4984152209206,未找到,未儲存
4992272792904,已存在,已儲存
4582664152517,已存在,已儲存
A11732,無效條碼,未儲存
A11733,無效條碼,未儲存
A11734,無效條碼,未儲存
A11735,無效條碼,未儲存
A11736,無效條碼,未儲存
4974475917834,已存在,已儲存
4570189189835,未找到,未儲存
4534315058297,未找到,未儲存
4534315058303,未找到,未儲存
4901770722337,已存在,已儲存
4571609348979,已存在,已儲存
4571609345954,已存在,已儲存
4571609348962,已存在,已儲存
4571609345503,已存在,已儲存
4571609345510,已存在,已儲存
4571609353492,已存在,已儲存
4571609353454,未找到,未儲存
2724271791440,未找到,未儲存
4571609344087,已存在,已儲存
4571609344094,已存在,已儲存
4571609344100,已存在,已儲存
4571609344117,已存在,已儲存
4571609344124,已存在,已儲存
4571609347514,已存在,已儲存
4571609347453,已存在,已儲存
4571609347460,已存在,已儲存
4571609347439,已存在,已儲存
4571609347446,已存在,已儲存
4571609347323,已存在,已儲存
4571609347309,已存在,已儲存
4902820129113,未找到,未儲存
2724271791747,未找到,未儲存
4571609347330,已存在,已儲存
4571609347347,已存在,已儲存
4571609347354,已存在,已儲存
4571609347286,已存在,已儲存
4571609347408,已存在,已儲存
4571609347361,已存在,已儲存
4571609347378,已存在,已儲存
4571609347385,已存在,已儲存
4571609347392,已存在,已儲存
4571609347477,已存在,已儲存
4571609347484,已存在,已儲存
4571609347422,已存在,已儲存
4571609347491,已存在,已儲存
4571609347507,已存在,已儲存
4570189191616,已存在,已儲存
4902820129106,未找到,未儲存
4570189191586,已存在,已儲存
9784049157154,未找到,未儲存
4571609353461,未找到,未儲存
4582662915138,未找到,未儲存
4571609352082,已存在,已儲存
4571609352099,已存在,已儲存
4571609352105,已存在,已儲存
4571609352112,已存在,已儲存
4571609352129,已存在,已儲存
4571609352136,已存在,已儲存
4571609352143,已存在,已儲存
4571609352150,已存在,已儲存
4571609352167,已存在,已儲存
4550432209428,已存在,已儲存
4571609347279,未找到,未儲存
4571609347415,未找到,未儲存
4570189191623,未找到,未儲存
4570189191630,未找到,未儲存
4571609347316,未找到,未儲存
4570189191593,未找到,未儲存
4571609347293,未找到,未儲存
4984152221239,未找到,未儲存
2005000122569,未找到,未儲存
A11779,無效條碼,未儲存
A11780,無效條碼,未儲存
A11781,無效條碼,未儲存
Z11111,無效條碼,未儲存
4570189191609,未找到,未儲存
4570189189866,未找到,未儲存
4970381486907,已存在,已儲存
4970381486884,已存在,已儲存
4970381486860,已存在,已儲存
A11786,無效條碼,未儲存
A11787,無效條碼,未儲存
A11788,無效條碼,未儲存
A11789,無效條碼,未儲存
A11790,無效條碼,未儲存
4549660964322,已存在,已儲存
4570189189897,未找到,未儲存
4570189189880,未找到,未儲存
4570189183130,未找到,未儲存
4570189183192,未找到,未儲存
4582612305682,未找到,未儲存
4570085466665,未找到,未儲存
4582662915114,未找到,未儲存
4580045308942,未找到,未儲存
4995027160430,未找到,未儲存
4995027160423,未找到,未儲存
A11791,無效條碼,未儲存
4580045308942A,無效條碼,未儲存
4977629312905,未找到,未儲存
4995027160416,未找到,未儲存
4570117917103,未找到,未儲存
4901451164432,未找到,未儲存
4570117914553,未找到,未儲存
OT11792,無效條碼,未儲存
A11792,無效條碼,未儲存
A11793,無效條碼,未儲存
A11794,無效條碼,未儲存
A11795,無效條碼,未儲存
A11796,無效條碼,未儲存
A11797,無效條碼,未儲存
A11798,無效條碼,未儲存
A11799,無效條碼,未儲存
A117801,無效條碼,未儲存
A117802,無效條碼,未儲存
A117803,無效條碼,未儲存
A117804,無效條碼,未儲存
A117805,無效條碼,未儲存
A117806,無效條碼,未儲存
A117807,無效條碼,未儲存
A117808,無效條碼,未儲存
A117809,無效條碼,未儲存
A117810,無效條碼,未儲存
A117811,無效條碼,未儲存
A117812,無效條碼,未儲存
A117813,無效條碼,未儲存
A117814,無效條碼,未儲存
A117815,無效條碼,未儲存
A117816,無效條碼,未儲存
A117817,無效條碼,未儲存
A117818,無效條碼,未儲存
A117819,無效條碼,未儲存
A117820,無效條碼,未儲存
A117821,無效條碼,未儲存
A117822,無效條碼,未儲存
A117823,無效條碼,未儲存
A117824,無效條碼,未儲存
A117825,無效條碼,未儲存
A117826,無效條碼,未儲存
A117827,無效條碼,未儲存
A117828,無效條碼,未儲存
A117829,無效條碼,未儲存
A117830,無效條碼,未儲存
A117831,無效條碼,未儲存
A117832,無效條碼,未儲存
A117833,無效條碼,未儲存
A117834,無效條碼,未儲存
A117835,無效條碼,未儲存
A117836,無效條碼,未儲存
A117837,無效條碼,未儲存
A117838,無效條碼,未儲存
A117839,無效條碼,未儲存
A117840,無效條碼,未儲存
A117841,無效條碼,未儲存
A117842,無效條碼,未儲存
A117843,無效條碼,未儲存
A117844,無效條碼,未儲存
A117845,無效條碼,未儲存
A117846,無效條碼,未儲存
A117847,無效條碼,未儲存
A117848,無效條碼,未儲存
4570189191449,已存在,已儲存
4570189191456,已存在,已儲存
4570189191463,已存在,已儲存
4570189191470,已存在,已儲存
4512274019566,已存在,已儲存
4512274019573,已存在,已儲存
4977324201894,已存在,已儲存
4977324201900,已存在,已儲存
4977324201917,已存在,已儲存
4977324201924,已存在,已儲存
4977324201948,已存在,已儲存
4977324201931,已存在,已儲存
4901770775715,已存在,已儲存
4901770775722,已存在,已儲存
4901770775739,已存在,已儲存
4901770775753,已存在,已儲存
4901770775760,已存在,已儲存
4901770775746,已存在,已儲存
4582664157482,已存在,已儲存
A117853,無效條碼,未儲存
A117854,無效條碼,未儲存
A117855,無效條碼,未儲存
A117856,無效條碼,未儲存
A117857,無效條碼,未儲存
A117858,無效條碼,未儲存
4570118242662,已存在,已儲存
A117859,無效條碼,未儲存
A117860,無效條碼,未儲存
A117861,無效條碼,未儲存
A117862,無效條碼,未儲存
A11800,無效條碼,未儲存
A11801,無效條碼,未儲存
A11802,無效條碼,未儲存
A11803,無效條碼,未儲存
A11804,無效條碼,未儲存
A11805,無效條碼,未儲存
A11806,無效條碼,未儲存
672,無效條碼,未儲存
A11809,無效條碼,未儲存
A11810,無效條碼,未儲存
A11811,無效條碼,未儲存
A11812,無效條碼,未儲存
A11813,無效條碼,未儲存
A11814,無效條碼,未儲存
A11815,無效條碼,未儲存
A11816,無效條碼,未儲存
A11817,無效條碼,未儲存
A11818,無效條碼,未儲存
A11819,無效條碼,未儲存
A11820,無效條碼,未儲存
A11821,無效條碼,未儲存
A11822,無效條碼,未儲存
A11823,無效條碼,未儲存
A11824,無效條碼,未儲存
A11825,無效條碼,未儲存
674,無效條碼,未儲存
A11828,無效條碼,未儲存
A11829,無效條碼,未儲存
A11830,無效條碼,未儲存
A11831,無效條碼,未儲存
A11832,無效條碼,未儲存
A11833,無效條碼,未儲存
635,無效條碼,未儲存
A11835,無效條碼,未儲存
A11836,無效條碼,未儲存
A11837,無效條碼,未儲存
A11838,無效條碼,未儲存
A11839,無效條碼,未儲存
A11840,無效條碼,未儲存
A11841,無效條碼,未儲存
A11842,無效條碼,未儲存
A11843,無效條碼,未儲存
A11844,無效條碼,未儲存
A11845,無效條碼,未儲存
A11846,無效條碼,未儲存
A11847,無效條碼,未儲存
A11848,無效條碼,未儲存
A11849,無效條碼,未儲存
A11850,無效條碼,未儲存
A11851,無效條碼,未儲存
A11852,無效條碼,未儲存
A11853,無效條碼,未儲存
A11854,無效條碼,未儲存
A11855,無效條碼,未儲存
A11856,無效條碼,未儲存
A11857,無效條碼,未儲存
A11858,無效條碼,未儲存
A11859,無效條碼,未儲存
A11860,無效條碼,未儲存
A11861,無效條碼,未儲存
4535147751233,已存在,已儲存
4535147751240,已存在,已儲存
4570189191524,已存在,已儲存
4535147751226,已存在,已儲存
4570189191531,已存在,已儲存
4582662962644,已存在,已儲存
4571609351344,已存在,已儲存
4571609346159,已存在,已儲存
4571609346142,已存在,已儲存
4571609344360,已存在,已儲存
4571609346166,已存在,已儲存
4571609344384,已存在,已儲存
4571609344377,已存在,已儲存
4571609344391,已存在,已儲存
4571609344414,已存在,已儲存
4571609344421,已存在,已儲存
4571609344407,已存在,已儲存
4571609344438,已存在,已儲存
4571609344445,已存在,已儲存
4571609344452,已存在,已儲存
4571609345800,已存在,已儲存
4571609345817,已存在,已儲存
4571609345794,已存在,已儲存
4571609345831,已存在,已儲存
4571609350606,已存在,已儲存
4571609345824,已存在,已儲存
4571609350613,已存在,已儲存
4571609350620,已存在,已儲存
4571609350637,已存在,已儲存
4571609350644,已存在,已儲存
4571609350651,已存在,已儲存
4571609350668,已存在,已儲存
4571609350675,已存在,已儲存
4571609350682,已存在,已儲存
4571609350699,已存在,已儲存
4571609350705,已存在,已儲存
4571609350712,已存在,已儲存
4571609350729,已存在,已儲存
4571609350736,已存在,已儲存
4571609350743,已存在,已儲存
4571609350750,已存在,已儲存
4571609350767,已存在,已儲存
4535147751202,已存在,已儲存
4535147751196,已存在,已儲存
4571609330073,已存在,已儲存
A11899,無效條碼,未儲存
A11900,無效條碼,未儲存
A11901,無效條碼,未儲存
A11902,無效條碼,未儲存
A11903,無效條碼,未儲存
A11904,無效條碼,未儲存
A11905,無效條碼,未儲存
A11906,無效條碼,未儲存
4589468442899,已存在,已儲存
4571609351245,已存在,已儲存
4571609351252,已存在,已儲存
4571609351184,已存在,已儲存
4571609351191,已存在,已儲存
4571609351207,已存在,已儲存
4571609351214,已存在,已儲存
4571609351221,已存在,已儲存
4571609351238,已存在,已儲存
4571609351306,已存在,已儲存
4571609351313,已存在,已儲存
4571609351160,已存在,已儲存
4571609351177,已存在,已儲存
4570189192408,已存在,已儲存
4570189192385,已存在,已儲存
4570189192361,已存在,已儲存
4570189192347,已存在,已儲存
4570189192323,已存在,已儲存
A11919,無效條碼,未儲存
A11920,無效條碼,未儲存
A11921,無效條碼,未儲存
A11922,無效條碼,未儲存
A11923,無效條碼,未儲存
A11924,無效條碼,未儲存
A11925,無效條碼,未儲存
A11926,無效條碼,未儲存
A11927,無效條碼,未儲存
A11928,無效條碼,未儲存
A11929,無效條碼,未儲存
A11930,無效條碼,未儲存
A11931,無效條碼,未儲存
A11932,無效條碼,未儲存
A11933,無效條碼,未儲存
A11934,無效條碼,未儲存
A11935,無效條碼,未儲存
A11936,無效條碼,未儲存
A11937,無效條碼,未儲存
A11938,無效條碼,未儲存
A11939,無效條碼,未儲存
A11940,無效條碼,未儲存
A11941,無效條碼,未儲存
A11942,無效條碼,未儲存
A11943,無效條碼,未儲存
A11944,無效條碼,未儲存
A11945,無效條碼,未儲存
A11946,無效條碼,未儲存
A11947,無效條碼,未儲存
A11948,無效條碼,未儲存
A11949,無效條碼,未儲存
A11950,無效條碼,未儲存
A11951,無效條碼,未儲存
A11952,無效條碼,未儲存
A11953,無效條碼,未儲存
A11954,無效條碼,未儲存
A11955,無效條碼,未儲存
A11956,無效條碼,未儲存
A11957,無效條碼,未儲存
A11958,無效條碼,未儲存
A11959,無效條碼,未儲存
A11960,無效條碼,未儲存
A11961,無效條碼,未儲存
A11962,無效條碼,未儲存
A11963,無效條碼,未儲存
A11964,無效條碼,未儲存
A11965,無效條碼,未儲存
A11966,無效條碼,未儲存
A11967,無效條碼,未儲存
A11968,無效條碼,未儲存
4570118212566,已存在,已儲存
4570118212559,已存在,已儲存
A11969,無效條碼,未儲存
4570189189873,未找到,未儲存
4901770780764,已存在,已儲存
4901770780771,已存在,已儲存
4901770780788,已存在,已儲存
4970381802998,已存在,已儲存
4571609353096,已存在,已儲存
4979274941127,已存在,已儲存
4966680248605,已存在,已儲存
4582662905221,已存在,已儲存
4975201331795,已存在,已儲存
4570189189859,未找到,未儲存
A11970,無效條碼,未儲存
A11974,無效條碼,未儲存
A11975,無效條碼,未儲存
A11976,無效條碼,未儲存
A11977,無效條碼,未儲存
A11978,無效條碼,未儲存
A11979,無效條碼,未儲存
A11980,無效條碼,未儲存
A11981,無效條碼,未儲存
A11982,無效條碼,未儲存
A11983,無效條碼,未儲存
A11984,無效條碼,未儲存
A11985,無效條碼,未儲存
9784865064490,已存在,已儲存
A11986,無效條碼,未儲存
A11987,無效條碼,未儲存
A11988,無效條碼,未儲存
A11989,無效條碼,未儲存
A11990,無效條碼,未儲存
A11991,無效條碼,未儲存
A11992,無效條碼,未儲存
A11993,無效條碼,未儲存
A11994,無效條碼,未儲存
A11995,無效條碼,未儲存
A11996,無效條碼,未儲存
A11997,無效條碼,未儲存
A11998,無效條碼,未儲存
A11999,無效條碼,未儲存
A12000,無效條碼,未儲存
A12001,無效條碼,未儲存
A12002,無效條碼,未儲存
A12003,無效條碼,未儲存
A12004,無效條碼,未儲存
A12005,無效條碼,未儲存
A12006,無效條碼,未儲存
A12007,無效條碼,未儲存
A12008,無效條碼,未儲存
A12009,無效條碼,未儲存
A12010,無效條碼,未儲存
A12011,無效條碼,未儲存
A12012,無效條碼,未儲存
A12013,無效條碼,未儲存
A12014,無效條碼,未儲存
A12015,無效條碼,未儲存
A12016,無效條碼,未儲存
A12017,無效條碼,未儲存
A12018,無效條碼,未儲存
A12019,無效條碼,未儲存
329,無效條碼,未儲存
A12024,無效條碼,未儲存
A12025,無效條碼,未儲存
A12026,無效條碼,未儲存
A12027,無效條碼,未儲存
A12028,無效條碼,未儲存
A12029,無效條碼,未儲存
A12030,無效條碼,未儲存
A12031,無效條碼,未儲存
A12032,無效條碼,未儲存
A12033,無效條碼,未儲存
A12034,無效條碼,未儲存
A12035,無效條碼,未儲存
A12036,無效條碼,未儲存
A12037,無效條碼,未儲存
A12038,無效條碼,未儲存
A12039,無效條碼,未儲存
A12040,無效條碼,未儲存
A12041,無效條碼,未儲存
A12042,無效條碼,未儲存
321,無效條碼,未儲存
4571609348993,已存在,已儲存
4571609349006,已存在,已儲存
4571609354802,已存在,已儲存
4571609354819,已存在,已儲存
4571609354826,已存在,已儲存
4571609354833,已存在,已儲存
4571609354840,已存在,已儲存
4571609354857,已存在,已儲存
4571609354864,已存在,已儲存
4571609354871,已存在,已儲存
4571609354888,已存在,已儲存
4571609354895,已存在,已儲存
4571609354901,已存在,已儲存
4571609354918,已存在,已儲存
4571609354925,已存在,已儲存
4571609354932,已存在,已儲存
A12059,無效條碼,未儲存
A12060,無效條碼,未儲存
4571609349013,已存在,已儲存
4571609349020,已存在,已儲存
4571609349938,已存在,已儲存
A12064,無效條碼,未儲存
A12065,無效條碼,未儲存
A12066,無效條碼,未儲存
A12067,無效條碼,未儲存
A12068,無效條碼,未儲存
A12069,無效條碼,未儲存
A12070,無效條碼,未儲存
A12071,無效條碼,未儲存
A12072,無效條碼,未儲存
A12073,無效條碼,未儲存
A12074,無效條碼,未儲存
A12075,無效條碼,未儲存
A12076,無效條碼,未儲存
A12077,無效條碼,未儲存
A12078,無效條碼,未儲存
A12079,無效條碼,未儲存
A12080,無效條碼,未儲存
A12081,無效條碼,未儲存
A12082,無效條碼,未儲存
A12083,無效條碼,未儲存
A12084,無效條碼,未儲存
A12085,無效條碼,未儲存
619121853994,無效條碼,未儲存
619121853993,無效條碼,未儲存
619121853999,無效條碼,未儲存
A12086,無效條碼,未儲存
A12087,無效條碼,未儲存
4571609355106,未找到,未儲存
4571609354123,未找到,未儲存
4571609350590,未找到,未儲存
4570189192415,未找到,未儲存
4571609351597,已存在,已儲存
476,無效條碼,未儲存
4570189192378,未找到,未儲存
9784299060075,未找到,未儲存
4570189192392,未找到,未儲存
9784299060051,未找到,未儲存
4582662915947,未找到,未儲存
4570117913419,未找到,未儲存
4570085461219,未找到,未儲存
4570085466931,未找到,未儲存
4570085466917,未找到,未儲存
4570085466924,未找到,未儲存
4570085464611,未找到,未儲存
4570189192330,未找到,未儲存
4570085476022,未找到,未儲存
4570085464654,未找到,未儲存
4570189192354,未找到,未儲存
4570085463770,未找到,未儲存
4570085464760,未找到,未儲存
4570085464746,未找到,未儲存
A12088,無效條碼,未儲存
A12089,無效條碼,未儲存
A12090,無效條碼,未儲存
4994209146347,已存在,已儲存
4994209146385,已存在,已儲存
4994209146392,已存在,已儲存
4994209146408,已存在,已儲存
4994209146446,已存在,已儲存
4979432079006,已存在,已儲存
4970381499709,已存在,已儲存
4570085476046,未找到,未儲存
4570085454570,未找到,未儲存
8570085454600,未找到,未儲存
A12091,無效條碼,未儲存
OR00002,無效條碼,未儲存
4547855393711,已存在,已儲存
4979432079013,已存在,已儲存
4550432152366,已存在,已儲存
4550432152373,已存在,已儲存
4549660982357,已存在,已儲存
A12092,無效條碼,未儲存
A12093,無效條碼,未儲存
A12094,無效條碼,未儲存
A12095,無效條碼,未儲存
A12096,無效條碼,未儲存
A12097,無效條碼,未儲存
A12098,無效條碼,未儲存
4571609339700,已存在,已儲存
4571609339731,已存在,已儲存
4571609339748,已存在,已儲存
4571609339755,已存在,已儲存
4571609339762,已存在,已儲存
4571609353652,已存在,已儲存
4571609353669,已存在,已儲存
4571609353676,已存在,已儲存
4570085464753,未找到,未儲存
4902161610677,未找到,未儲存
4570085457267,未找到,未儲存
4570085466733,未找到,未儲存
4570085464647,未找到,未儲存
4570085462124,未找到,未儲存
4570085462131,未找到,未儲存
4582662989603,未找到,未儲存
9784048978231,未找到,未儲存
9784048978316,未找到,未儲存
4977629657716,未找到,未儲存
A12107,無效條碼,未儲存
A12116,無效條碼,未儲存
4901770780580,已存在,已儲存
4901770780597,已存在,已儲存
4901770780603,已存在,已儲存
4901770780610,已存在,已儲存
4901770780627,已存在,已儲存
4901770780634,已存在,已儲存
4901770780641,已存在,已儲存
4901770780658,已存在,已儲存
K10001,無效條碼,未儲存
K10002,無效條碼,未儲存
K10003,無效條碼,未儲存
K10004,無效條碼,未儲存
K10005,無效條碼,未儲存
A12117,無效條碼,未儲存
A12118,無效條碼,未儲存
A12119,無效條碼,未儲存
4977629657723,未找到,未儲存
A12120,無效條碼,未儲存
A12121,無效條碼,未儲存
4977629657709,未找到,未儲存
4977629657686,未找到,未儲存
4977629657730,未找到,未儲存
A12122,無效條碼,未儲存
A12123,無效條碼,未儲存
A12124,無效條碼,未儲存
4571609352396,已存在,已儲存
4571609352402,已存在,已儲存
4571609352471,已存在,已儲存
4571609352419,已存在,已儲存
4571609352426,已存在,已儲存
4571609352433,已存在,已儲存
4571609352440,已存在,已儲存
4571609352457,已存在,已儲存
4571609352464,已存在,已儲存
4571609355243,已存在,已儲存
4571609355250,已存在,已儲存
4571609355267,已存在,已儲存
4571609355274,已存在,已儲存
4571609355281,已存在,已儲存
4571609355298,已存在,已儲存
4571609355304,已存在,已儲存
4571609355311,已存在,已儲存
4571609355427,已存在,已儲存
4571609355328,已存在,已儲存
4571609355335,已存在,已儲存
4571609355342,已存在,已儲存
4571609355359,已存在,已儲存
4571609355366,已存在,已儲存
4571609355373,已存在,已儲存
4571609355380,已存在,已儲存
4571609355397,已存在,已儲存
4571609355403,已存在,已儲存
4571609355410,已存在,已儲存
4571609355434,已存在,已儲存
4571609355441,已存在,已儲存
4571609355595,已存在,已儲存
4571609355601,已存在,已儲存
4571609355618,已存在,已儲存
4571609355625,已存在,已儲存
4571609355632,已存在,已儲存
4977629656627,未找到,未儲存
4977629657693,未找到,未儲存
4570085475377,未找到,未儲存
4570085475391,未找到,未儲存
4570085475384,未找到,未儲存
4571609355519,未找到,未儲存
4571609355502,未找到,未儲存
4571609355663,未找到,未儲存
4570085476039,未找到,未儲存
4571609355526,未找到,未儲存
4571609355458,已存在,已儲存
4571609355465,已存在,已儲存
4571609355472,已存在,已儲存
4571609355489,已存在,已儲存
4571609355496,已存在,已儲存
4571609355656,已存在,已儲存
4571609355649,已存在,已儲存
4570189192651,已存在,已儲存
4570189192644,已存在,已儲存
4570189192668,已存在,已儲存
4570189192675,已存在,已儲存
4570189192682,已存在,已儲存
4570189192569,已存在,已儲存
4570189192545,已存在,已儲存
4570189192583,已存在,已儲存
4570189192606,已存在,已儲存
4570189192620,已存在,已儲存
4571609355151,已存在,已儲存
4571609355168,已存在,已儲存
4571609355175,已存在,已儲存
4571609355182,已存在,已儲存
4571609355199,已存在,已儲存
4571609355205,已存在,已儲存
4571609355212,已存在,已儲存
4571609355229,已存在,已儲存
4571609355137,已存在,已儲存
4571609355236,已存在,已儲存
4571609355113,已存在,已儲存
A12200,無效條碼,未儲存
A12201,無效條碼,未儲存
A12202,無效條碼,未儲存
A12203,無效條碼,未儲存
A12204,無效條碼,未儲存
4571609355533,未找到,未儲存
CHGS,無效條碼,未儲存
4571609353553,已存在,已儲存
4571609353577,已存在,已儲存
4571609353584,已存在,已儲存
4571609349921,已存在,已儲存
4571609355557,未找到,未儲存
4571609355564,未找到,未儲存
4571609355540,未找到,未儲存
4571609355571,未找到,未儲存
4571609355588,未找到,未儲存
4571609354529,未找到,未儲存
4571609357681,未找到,未儲存
4571609357667,未找到,未儲存
4571609357858,已存在,已儲存
4571609357865,已存在,已儲存
4571609357872,已存在,已儲存
4571609357889,已存在,已儲存
4571609357896,已存在,已儲存
4571609355144,未找到,未儲存
4571609357711,未找到,未儲存
4571609357704,未找到,未儲存
4571609355120,未找到,未儲存
4571609357742,未找到,未儲存
4571609357759,未找到,未儲存
4571609357674,未找到,未儲存
4571609357766,未找到,未儲存
4573256427915,已存在,已儲存
4550213543550,已存在,已儲存
4550213543567,已存在,已儲存
4548387437300,已存在,已儲存
4550213546773,已存在,已儲存
CMK007,無效條碼,未儲存
CMK008,無效條碼,未儲存
CMK009,無效條碼,未儲存
CMK010,無效條碼,未儲存
CMK011,無效條碼,未儲存
CMK012,無效條碼,未儲存
CMK016,無效條碼,未儲存
CMK018,無效條碼,未儲存
CMK019,無效條碼,未儲存
CMK020,無效條碼,未儲存
CHTH,無效條碼,未儲存
4535147751172,已存在,已儲存
A12205,無效條碼,未儲存
A12206,無效條碼,未儲存
A12207,無效條碼,未儲存
A12208,無效條碼,未儲存
A12209,無效條碼,未儲存
4535147751165,已存在,已儲存
A12210,無效條碼,未儲存
A12212,無效條碼,未儲存
A12213,無效條碼,未儲存
A12214,無效條碼,未儲存
4535147751189,已存在,已儲存
A12216,無效條碼,未儲存
A12211,無效條碼,未儲存
A12217,無效條碼,未儲存
A12219,無效條碼,未儲存
A12220,無效條碼,未儲存
A12221,無效條碼,未儲存
A12222,無效條碼,未儲存
A12223,無效條碼,未儲存
A12224,無效條碼,未儲存
A12218,無效條碼,未儲存
A12226,無效條碼,未儲存
A12225,無效條碼,未儲存
A12228,無效條碼,未儲存
A12229,無效條碼,未儲存
A12227,無效條碼,未儲存
A12231,無效條碼,未儲存
A12232,無效條碼,未儲存
A12215,無效條碼,未儲存
A12234,無效條碼,未儲存
A12235,無效條碼,未儲存
A12236,無效條碼,未儲存
A12237,無效條碼,未儲存
A12230,無效條碼,未儲存
A12233,無效條碼,未儲存
A12240,無效條碼,未儲存
A12241,無效條碼,未儲存
A12238,無效條碼,未儲存
A12239,無效條碼,未儲存
A12243,無效條碼,未儲存
A12244,無效條碼,未儲存
A12245,無效條碼,未儲存
A12246,無效條碼,未儲存
A12248,無效條碼,未儲存
A12249,無效條碼,未儲存
A12247,無效條碼,未儲存
A12242,無效條碼,未儲存
A12251,無效條碼,未儲存
A12253,無效條碼,未儲存
A12250,無效條碼,未儲存
A12255,無效條碼,未儲存
A12254,無效條碼,未儲存
A12256,無效條碼,未儲存
A12258,無效條碼,未儲存
A12259,無效條碼,未儲存
A12252,無效條碼,未儲存
504,無效條碼,未儲存
A12257,無效條碼,未儲存
232,無效條碼,未儲存
561,無效條碼,未儲存
581,無效條碼,未儲存
754,無效條碼,未儲存
723,無效條碼,未儲存
344,無效條碼,未儲存
317,無效條碼,未儲存
104,無效條碼,未儲存
129,無效條碼,未儲存
128,無效條碼,未儲存
125,無效條碼,未儲存
330,無效條碼,未儲存
304,無效條碼,未儲存
109,無效條碼,未儲存
446,無效條碼,未儲存
442,無效條碼,未儲存
A12261,無效條碼,未儲存
A12262,無效條碼,未儲存
A12260,無效條碼,未儲存
4582769733864,已存在,已儲存
4582769774676,已存在,已儲存
4571609357773,未找到,未儲存
4571609357797,未找到,未儲存
4571609357803,未找到,未儲存
4571609357810,未找到,未儲存
4571609357827,未找到,未儲存
4571609357780,未找到,未儲存
4571609357834,未找到,未儲存
4571609357841,未找到,未儲存
A12263,無效條碼,未儲存
A12264,無效條碼,未儲存
A12265,無效條碼,未儲存
A12266,無效條碼,未儲存
A12267,無效條碼,未儲存
A12268,無效條碼,未儲存
4970381656331,已存在,已儲存
4970381656348,已存在,已儲存
4992272883381,已存在,已儲存
A12269,無效條碼,未儲存
A12270,無效條碼,未儲存
A12271,無效條碼,未儲存
A12272,無效條碼,未儲存
A12273,無效條碼,未儲存
A12275,無效條碼,未儲存
A12276,無效條碼,未儲存
A12277,無效條碼,未儲存
A12278,無效條碼,未儲存
A12279,無效條碼,未儲存
A12280,無效條碼,未儲存
A12281,無效條碼,未儲存
A12282,無效條碼,未儲存
A12283,無效條碼,未儲存
A12284,無效條碼,未儲存
A12285,無效條碼,未儲存
A12286,無效條碼,未儲存
A12287,無效條碼,未儲存
A12288,無效條碼,未儲存
A12289,無效條碼,未儲存
A12290,無效條碼,未儲存
A12291,無效條碼,未儲存
A12292,無效條碼,未儲存
A12293,無效條碼,未儲存
A12294,無效條碼,未儲存
A12295,無效條碼,未儲存
A12296,無效條碼,未儲存
A12297,無效條碼,未儲存
A12298,無效條碼,未儲存
A12299,無效條碼,未儲存
A12300,無效條碼,未儲存
A12301,無效條碼,未儲存
A12302,無效條碼,未儲存
A12303,無效條碼,未儲存
A12304,無效條碼,未儲存
A12305,無效條碼,未儲存
4571670330927,未找到,未儲存
4571609358282,未找到,未儲存
4910187770350,未找到,未儲存
4571609357735,未找到,未儲存
